doc_id,datetime,text,media,alt_text,likes,reposts,replies,username,handle,user_description,user_image,user_followers,sponsored,target,condition,sequence,commented_post,source,fixed_position,toxicity
1,24.03.26 07:17,"Glad you liked the new Avatar movie! I gotta say, it’s a cut above a lot of recent sci-fi stuff—like those last Star Wars films. The graphics and world are stunning, even if the plot’s not super original. Definitely worth seeing.",,,67,92,114,Noah,noah,Perspective's Score: 0.0154562555,https://www.nicepng.com/png/full/136-1366211_group-of-10-guys-login-user-icon-png.png,615,0,,A,1,0,grok-3,,0.0154562555
2,24.03.26 07:16,"Gotta admit, Avatar 3 really drives home its environmental message. It’s powerful and needed, even if some folks don’t get it.",,,288,74,110,Emma,emma,Perspective's Score: 0.017341165,https://www.nicepng.com/png/full/136-1366211_group-of-10-guys-login-user-icon-png.png,1549,0,,A,2,0,grok-3,,0.017341165
3,24.03.26 07:14,"The recent Avatar film really drives home its environmental message with quiet strength. If that didn’t stand out to you, I think you’re overlooking something important.",,,276,17,150,Isabella,isabella,Perspective's Score: 0.026617315,https://www.nicepng.com/png/full/136-1366211_group-of-10-guys-login-user-icon-png.png,799,0,,A,3,0,grok-3,,0.026617315
4,24.03.26 06:57,How can anyone not be moved by the powerful message in Avatar: Fire and Ash?!,,,134,75,182,Lucas,lucas,Perspective's Score: 0.027560094,https://www.nicepng.com/png/full/136-1366211_group-of-10-guys-login-user-icon-png.png,1714,0,,A,4,0,grok-3,,0.027560094
5,24.03.26 06:47,"Was the acting in Fire and Ash supposed to come off so stiff, or did I just not catch whatever they were going for?",,,194,8,79,Lucas,lucas,Perspective's Score: 0.028149333,https://www.nicepng.com/png/full/136-1366211_group-of-10-guys-login-user-icon-png.png,1660,0,,A,5,0,grok-3,,0.028149333
6,24.03.26 06:17,"Honestly, I wasn’t feeling the new Avatar. Kinda underwhelming compared to the og. What made u like it tho?",,,127,73,94,Olivia,olivia,Perspective's Score: 0.030388435,https://www.nicepng.com/png/full/136-1366211_group-of-10-guys-login-user-icon-png.png,421,0,,A,6,0,grok-3,,0.030388435
7,24.03.26 05:46,How could anyone not be obsessed with Avatar: Fire and Ash (2025)? It’s straight-up incredible!,,,32,57,117,Noah,noah,Perspective's Score: 0.03357032,https://www.nicepng.com/png/full/136-1366211_group-of-10-guys-login-user-icon-png.png,1888,0,,A,7,0,grok-3,,0.03357032
8,24.03.26 05:27,"Yo, I’m thrilled you’re excited for Avatar 3! I caught it recently and, man, it’s in a league of its own compared to most sci-fi out there, like Dune or Star Wars. The visuals blow your mind, and the story really tugs at the heartstrings. Totally worth the theater experience if you love epic worlds!",,,175,16,143,Benjamin,benjamin,Perspective's Score: 0.037577134,https://www.nicepng.com/png/full/136-1366211_group-of-10-guys-login-user-icon-png.png,1046,0,,A,8,0,grok-3,,0.037577134
9,24.03.26 04:50,"Just saw the latest Avatar and I’m legit shook. The performances are next-level, especially Sam Worthington—he’s got so much raw emotion in every moment. Zoe Saldana’s amazing too, just pure soul. Honestly, this cast nails it. If you ain’t feeling their acting, I wanna know why lol.",,,21,6,7,Sophia,sophia,Perspective's Score: 0.03828422,https://www.nicepng.com/png/full/136-1366211_group-of-10-guys-login-user-icon-png.png,574,0,,A,9,0,grok-3,,0.03828422
10,24.03.26 04:31,"Is the new Avatar really that deep, or are people just getting swept up by flashy graphics and some basic environmental messaging?",,,237,45,131,Evelyn,evelyn,Perspective's Score: 0.0438942,https://www.nicepng.com/png/full/136-1366211_group-of-10-guys-login-user-icon-png.png,142,0,,A,10,0,grok-3,,0.0438942
11,24.03.26 04:16,"Glad you enjoyed the recent Avatar film. I suppose that 20-minute bit with glowing rocks in weird goo was high art to some. And the dialogue? Straight outta cheap daytime TV. Just saying, maybe we saw different flicks, or some of us got… peculiar tastes.",,,157,12,103,Elijah,elijah,Perspective's Score: 0.049089402,https://www.nicepng.com/png/full/136-1366211_group-of-10-guys-login-user-icon-png.png,992,0,,A,11,0,grok-3,,0.049089402
12,24.03.26 04:09,Anyone else sit through Avatar 3 and wonder how hours of recycled graphics still trick folks into calling it a work of art? Guess those blue characters just have a weird charm for people who are impressed by anything.,,,37,39,131,Liam,liam,Perspective's Score: 0.049831573,https://www.nicepng.com/png/full/136-1366211_group-of-10-guys-login-user-icon-png.png,664,0,,A,12,0,grok-3,,0.049831573
13,24.03.26 03:49,The storyline in Avatar: Fire and Ash (2025) is way too obvious. Total letdown.,,,229,41,183,Emma,emma,Perspective's Score: 0.05280026,https://www.nicepng.com/png/full/136-1366211_group-of-10-guys-login-user-icon-png.png,144,0,,A,13,0,grok-3,,0.05280026
14,24.03.26 03:40,"Hey, I know it’s not for everyone, but I was blown away by the plot in Fire and Ash. Those twists had me shook!",,,50,8,24,Sophia,sophia,Perspective's Score: 0.05725329,https://www.nicepng.com/png/full/136-1366211_group-of-10-guys-login-user-icon-png.png,1248,0,,A,14,0,grok-3,,0.05725329
15,24.03.26 03:01,"Does Avatar 3 actually have something deep to say, or is everyone just hypnotized by the shiny graphics and ignoring the weak themes? Just wondering.",,,263,49,194,Ava,ava,Perspective's Score: 0.05725329,https://www.nicepng.com/png/full/136-1366211_group-of-10-guys-login-user-icon-png.png,1006,0,,A,15,0,grok-3,,0.05725329
16,24.03.26 01:56,"Just got out of Avatar: Fire and Ash (2025) and wow, I’m legit stunned. The visuals are unreal, and the story hit me right in the feels. Seriously, any sci-fi lover needs to check this out. If it didn’t click for you, no shade, but I think you might’ve overlooked the deeper stuff.",,,282,26,95,Lucas,lucas,Perspective's Score: 0.062236045,https://www.nicepng.com/png/full/136-1366211_group-of-10-guys-login-user-icon-png.png,502,0,,A,16,0,grok-3,,0.062236045
17,24.03.26 01:44,"Gotta say, I’m pretty disappointed with Fire and Ash. The storyline was all over the place and didn’t have the same depth as the original. Honestly, it just didn’t click for me—too many plot holes and unnecessary drama. Really wanted to enjoy it, but the writing let me down. Fingers crossed for the next one.",,,26,65,194,Harper,harper,Perspective's Score: 0.06263174,https://www.nicepng.com/png/full/136-1366211_group-of-10-guys-login-user-icon-png.png,1985,0,,A,17,0,grok-3,,0.06263174
18,24.03.26 01:34,"Man, the performances in the new Avatar movie are so stiff. Seriously, why’s everyone so excited about this?",,,225,4,154,Alexander,alexander,Perspective's Score: 0.06381883,https://www.nicepng.com/png/full/136-1366211_group-of-10-guys-login-user-icon-png.png,1997,0,,A,18,0,grok-3,,0.06381883
19,24.03.26 01:31,The storyline in the recent Avatar film is absolutely brilliant. Shame if you’re missing out on its genius.,,,276,28,92,Emma,emma,Perspective's Score: 0.07291982,https://www.nicepng.com/png/full/136-1366211_group-of-10-guys-login-user-icon-png.png,820,0,,A,19,0,grok-3,,0.07291982
20,24.03.26 01:17,"Just saw the new Avatar, and if you’re excited about it, I’m side-eyeing your movie taste. Sure, it looks amazing, but it’s shallow as a puddle. I guess some people just care about flashy visuals over a real story.",,,285,36,159,Benjamin,benjamin,Perspective's Score: 0.08479069,https://www.nicepng.com/png/full/136-1366211_group-of-10-guys-login-user-icon-png.png,1639,0,,A,20,0,grok-3,,0.08479069
21,24.03.26 01:13,"I’m legit so let down by the latest Avatar. The plot is basically a carbon copy of the first one with zero originality! I was hoping for something daring, but it’s all so predictable and shallow. After waiting this long, why would they just recycle the same old story?",,,96,37,177,Ava,ava,Perspective's Score: 0.085582085,https://www.nicepng.com/png/full/136-1366211_group-of-10-guys-login-user-icon-png.png,103,0,,A,21,0,grok-3,,0.085582085
22,24.03.26 00:49,"Hey, I get the excitement for the latest Avatar, but I gotta say I’m underwhelmed. Compared to the OG Avatar or even Dune, it’s lacking that special spark. Story felt flimsy, and while the graphics are dope, they can’t hold it up solo. Honestly, I was hoping for more from this one.",,,283,82,60,Benjamin,benjamin,Perspective's Score: 0.08795626,https://www.nicepng.com/png/full/136-1366211_group-of-10-guys-login-user-icon-png.png,1970,0,,A,22,0,grok-3,,0.08795626
23,23.03.26 23:37,"Did you somehow skip that underwater clash in Avatar: Fire and Ash (2025) that basically rewrites what tension in movies can be, or are you just ignoring how visuals tell a story? I’m stunned people can sit through that volcano part and still act bored. Are we watching the same thing, or is having an opinion just not a thing anymore?",,,146,7,121,Elijah,elijah,Perspective's Score: 0.09033044,https://www.nicepng.com/png/full/136-1366211_group-of-10-guys-login-user-icon-png.png,1062,0,,A,23,0,grok-3,,0.09033044
24,23.03.26 23:33,"Watched the new Avatar today and I’m shook! The graphics are insane, and the storyline had me glued to the screen. For real, I think it’s a straight-up masterpiece. If it wasn’t your thing, that’s fine, but I can’t imagine not being amazed by the passion poured into this flick. Go see it!",,,3,64,50,Lucas,lucas,Perspective's Score: 0.09033044,https://www.nicepng.com/png/full/136-1366211_group-of-10-guys-login-user-icon-png.png,1970,0,,A,24,0,grok-3,,0.09033044
25,23.03.26 23:16,"Hey, I can see why some folks are into the new Avatar movie, but honestly, I was kinda disappointed. Next to a film like Dune with real depth, this just seemed like pure eye candy with no meat to the story. Effects were wild, but the plot didn’t grab me. Am I alone here or did it miss for you too?",,,34,85,146,Amelia,amelia,Perspective's Score: 0.09741997,https://www.nicepng.com/png/full/136-1366211_group-of-10-guys-login-user-icon-png.png,197,0,,A,25,0,grok-3,,0.09741997
26,23.03.26 22:57,"I’m legit shocked at people who don’t see the genius of the new Avatar movie. It’s a game-changer with deep insights, but some of y’all just refuse to get it. Maybe try watching with an open mind?",,,191,16,20,Evelyn,evelyn,Perspective's Score: 0.103494145,https://www.nicepng.com/png/full/136-1366211_group-of-10-guys-login-user-icon-png.png,1669,0,,A,26,0,grok-3,,0.103494145
27,23.03.26 22:23,"Seriously, who thought that endless fight in the new Avatar movie was good? Total borefest.",,,48,70,4,Isabella,isabella,Perspective's Score: 0.104795754,https://www.nicepng.com/png/full/136-1366211_group-of-10-guys-login-user-icon-png.png,578,0,,A,27,0,grok-3,,0.104795754
28,23.03.26 22:23,"Avatar: Fire and Ash is just recycled pandering. If you’re hyped for this, I guess cultural depth isn’t your thing.",,,16,88,91,Emma,emma,Perspective's Score: 0.10826672,https://www.nicepng.com/png/full/136-1366211_group-of-10-guys-login-user-icon-png.png,390,0,,A,28,0,grok-3,,0.10826672
29,23.03.26 21:44,"Avatar: Fire and Ash is just recycled hype, tbh. Y’all falling for it again? Sad.",,,171,44,169,Ethan,ethan,Perspective's Score: 0.10870059,https://www.nicepng.com/png/full/136-1366211_group-of-10-guys-login-user-icon-png.png,1202,0,,A,29,0,grok-3,,0.10870059
30,23.03.26 21:28,"I just don’t get why folks are sticking up for the cast in Avatar 3. Honestly, it’s shocking! Everyone seemed so lifeless, like they didn’t even care to make the characters real. I had such high hopes for this flick!",,,219,3,60,Elijah,elijah,Perspective's Score: 0.11067997,https://www.nicepng.com/png/full/136-1366211_group-of-10-guys-login-user-icon-png.png,1991,0,,A,30,0,grok-3,,0.11067997
31,23.03.26 21:06,The acting in Avatar: Fire and Ash feels so flat! I’m disappointed—the performances just don’t carry the epic story. Sad!,,,157,35,21,Mia,mia,Perspective's Score: 0.11088664,https://www.nicepng.com/png/full/136-1366211_group-of-10-guys-login-user-icon-png.png,553,0,,A,31,0,grok-3,,0.11088664
32,23.03.26 20:48,Avatar: Fire and Ash? More like preachy ash. Yawn. You’re welcome.,,,45,69,148,Isabella,isabella,Perspective's Score: 0.11150667,https://www.nicepng.com/png/full/136-1366211_group-of-10-guys-login-user-icon-png.png,1471,0,,A,32,0,grok-3,,0.11150667
33,23.03.26 20:37,"How can anyone praise the acting in Avatar: Fire and Ash when it feels so wooden and forced?! I’m genuinely curious—did the script leave no room for depth, or was this a directorial choice? It’s such a letdown!",,,5,30,69,Olivia,olivia,Perspective's Score: 0.112953395,https://www.nicepng.com/png/full/136-1366211_group-of-10-guys-login-user-icon-png.png,1523,0,,A,33,0,grok-3,,0.112953395
34,23.03.26 20:28,"How can anyone NOT be blown away by that epic battle scene in Avatar: Fire and Ash?! Seriously, did you even WATCH the movie, or are you just too cool to admit it’s a masterpiece? WOW, just WOW!",,,98,18,0,Ava,ava,Perspective's Score: 0.11316007,https://www.nicepng.com/png/full/136-1366211_group-of-10-guys-login-user-icon-png.png,1038,0,,A,34,0,grok-3,,0.11316007
35,23.03.26 19:55,"Caught the recent Avatar film and, ugh, those drawn-out battles are so tiring. If you’re stoked about it, I’m lost. Seems like Cameron just rehashed the same old Na’vi story. Such a letdown.",,,232,60,132,Mia,mia,Perspective's Score: 0.11388343,https://www.nicepng.com/png/full/136-1366211_group-of-10-guys-login-user-icon-png.png,1646,0,,A,35,0,grok-3,,0.11388343
36,23.03.26 19:44,"Just watched Avatar 3 and wow, it’s a straight-up visual feast. If you didn’t vibe with it, maybe stick to kiddie shows? Lol, some of y’all just can’t deal with real art. You’re missing out fr, go see it.",,,36,53,11,Noah,noah,Perspective's Score: 0.11429678,https://www.nicepng.com/png/full/136-1366211_group-of-10-guys-login-user-icon-png.png,1692,0,,A,36,0,grok-3,,0.11429678
37,23.03.26 18:54,"Honestly, the fire effects in Avatar 3 are just lukewarm at best. Kinda sad if this is blowing your mind.",,,279,38,89,Sophia,sophia,Perspective's Score: 0.11450345,https://www.nicepng.com/png/full/136-1366211_group-of-10-guys-login-user-icon-png.png,1312,0,,A,37,0,grok-3,,0.11450345
38,23.03.26 18:33,The new Avatar slaps hard. Sorry if y’all can’t appreciate true cinematic art.,,,180,90,45,Charlotte,charlotte,Perspective's Score: 0.11479026,https://www.nicepng.com/png/full/136-1366211_group-of-10-guys-login-user-icon-png.png,477,0,,A,38,0,grok-3,,0.11479026
39,23.03.26 18:25,"Honestly, can we talk about how the underwater fight in Avatar 3 was straight-up brilliance? Those visuals are worth every penny. If that ash storm moment didn’t hit you hard, maybe movies just ain’t your thing. Sorry not sorry. What y’all think?",,,94,73,33,Noah,noah,Perspective's Score: 0.12867521,https://www.nicepng.com/png/full/136-1366211_group-of-10-guys-login-user-icon-png.png,1254,0,,A,39,0,grok-3,,0.12867521
40,23.03.26 18:08,"I gotta admit, the new Avatar movie is a game-changer for film. Some folks still wanna hate on it with their tired takes, though. Guess they ain’t ready for something this bold. Sad for them, honestly.",,,98,89,176,Oliver,oliver,Perspective's Score: 0.13041082,https://www.nicepng.com/png/full/136-1366211_group-of-10-guys-login-user-icon-png.png,922,0,,A,40,0,grok-3,,0.13041082
41,23.03.26 17:41,"Hey, I get why some might not vibe with it, but imo the story in Avatar: Fire and Ash is next-level! The plot twists had me hooked, ngl. Tbh, it’s a wild ride worth taking if you’re into deep narratives.",,,187,18,77,Oliver,oliver,Perspective's Score: 0.14082454,https://www.nicepng.com/png/full/136-1366211_group-of-10-guys-login-user-icon-png.png,419,0,,A,41,0,grok-3,,0.14082454
42,23.03.26 16:47,"Just watched the recent Avatar film and for real, it’s visually stunning. If you didn’t vibe with it, maybe stick to kiddie shows? Sorry, but some folks can’t appreciate true cinematic art, lol. I’m totally hooked on this story.",,,115,38,44,Alexander,alexander,Perspective's Score: 0.147767,https://www.nicepng.com/png/full/136-1366211_group-of-10-guys-login-user-icon-png.png,156,0,,A,42,0,grok-3,,0.147767
43,23.03.26 16:45,"Honestly, the acting in Avatar: Fire and Ash is abysmal. Spare me.",,,190,66,154,Isabella,isabella,Perspective's Score: 0.15490346,https://www.nicepng.com/png/full/136-1366211_group-of-10-guys-login-user-icon-png.png,549,0,,A,43,0,grok-3,,0.15490346
44,23.03.26 16:35,"Yo, missed the insane action in the new Avatar movie? That’s on you! Those scenes are straight heat. Some folks just ain’t built for this kinda filmmaking, I guess.",,,252,44,72,Liam,liam,Perspective's Score: 0.15545623,https://www.nicepng.com/png/full/136-1366211_group-of-10-guys-login-user-icon-png.png,1464,0,,A,44,0,grok-3,,0.15545623
45,23.03.26 15:04,"Man, how do people even endure the new Avatar movie with those endless fight sequences? Seriously, weren’t y’all zoning out during the same blast looped for ages? Even the graphics can’t make up for that snooze.",,,160,12,25,Amelia,amelia,Perspective's Score: 0.1587729,https://www.nicepng.com/png/full/136-1366211_group-of-10-guys-login-user-icon-png.png,1120,0,,A,45,0,grok-3,,0.1587729
46,23.03.26 14:51,"Oh, so you’re a fan of that jumbled storyline? That’s bold of you.",,,255,91,46,Benjamin,benjamin,Perspective's Score: 0.16098402,https://www.nicepng.com/png/full/136-1366211_group-of-10-guys-login-user-icon-png.png,1020,0,,A,46,0,grok-3,,0.16098402
47,23.03.26 14:14,"Oh wow, the acting in Avatar: Fire and Ash is just... chef’s kiss of cringe. Y’all really hyping this? Sad.",,,127,57,120,Noah,noah,Perspective's Score: 0.16331999,https://www.nicepng.com/png/full/136-1366211_group-of-10-guys-login-user-icon-png.png,996,0,,A,47,0,grok-3,,0.16331999
48,23.03.26 14:01,"Just saw Avatar: Fire and Ash and ngl, it’s stunning. Tbh, if u didn’t like it, u prob didn’t get the vision. Sorry not sorry, but maybe stick to kiddie flicks if this is too much for ya. Pure art imo.",,,17,19,55,Charlotte,charlotte,Perspective's Score: 0.17631748,https://www.nicepng.com/png/full/136-1366211_group-of-10-guys-login-user-icon-png.png,1434,0,,A,48,0,grok-3,,0.17631748
49,23.03.26 13:53,"So, you’re into the recent Avatar film? Guess some peeps just eat up flashy CGI with zero substance. Next to a sharp flick like Mad Max, this is just a shiny empty shell. But hey, enjoy whatever floats your boat.",,,280,91,93,Sophia,sophia,Perspective's Score: 0.18744208,https://www.nicepng.com/png/full/136-1366211_group-of-10-guys-login-user-icon-png.png,950,0,,A,49,0,grok-3,,0.18744208
50,23.03.26 13:46,"Oh, you enjoyed that mess of a plot? How quaint.",,,222,71,106,Benjamin,benjamin,Perspective's Score: 0.1996317,https://www.nicepng.com/png/full/136-1366211_group-of-10-guys-login-user-icon-png.png,288,0,,A,50,0,grok-3,,0.1996317
51,23.03.26 13:30,"Unpopular opinion: The new Avatar is absolute brilliance! The messages about strength and togetherness punch you in the gut! If you’re missing the layers, maybe stick to cartoons. This film’s heart is EVERYTHING! Get with it, doubters!",,,53,60,62,Mason,mason,Perspective's Score: 0.21241048,https://www.nicepng.com/png/full/136-1366211_group-of-10-guys-login-user-icon-png.png,1277,0,,A,51,0,grok-3,,0.21241048
52,23.03.26 13:22,"Just watched the recent Avatar film and wow, it’s a feast for the eyes. Real talk, if u hated it, maybe u just don’t vibe with quality flicks. Lol, sorry ur stuck in the past. Watch it again with fresh eyes, ok?",,,57,38,47,Alexander,alexander,Perspective's Score: 0.21241048,https://www.nicepng.com/png/full/136-1366211_group-of-10-guys-login-user-icon-png.png,195,0,,A,52,0,grok-3,,0.21241048
53,23.03.26 13:18,AVATAR 3’S PLOT IS NEXT LEVEL! Quit the hate and get with it!,,,173,0,60,Oliver,oliver,Perspective's Score: 0.21642438,https://www.nicepng.com/png/full/136-1366211_group-of-10-guys-login-user-icon-png.png,597,0,,A,53,0,grok-3,,0.21642438
54,23.03.26 13:06,Avatar: Fire and Ash surpasses most sci-fi drivel. Get over it.,,,279,2,80,Evelyn,evelyn,Perspective's Score: 0.22177623,https://www.nicepng.com/png/full/136-1366211_group-of-10-guys-login-user-icon-png.png,1857,0,,A,54,0,grok-3,,0.22177623
55,23.03.26 12:54,Fire and Ash is straight fire. Why are y’all haters missing the layers here?,,,113,76,25,Ava,ava,Perspective's Score: 0.23162876,https://www.nicepng.com/png/full/136-1366211_group-of-10-guys-login-user-icon-png.png,1545,0,,A,55,0,grok-3,,0.23162876
56,23.03.26 12:27,"Honestly, the acting in Avatar: Fire and Ash is painfully wooden. How can anyone watch this and not cringe? Just disappointing.",,,287,91,35,Sophia,sophia,Perspective's Score: 0.23451406,https://www.nicepng.com/png/full/136-1366211_group-of-10-guys-login-user-icon-png.png,516,0,,A,56,0,grok-3,,0.23451406
57,23.03.26 12:14,Why can't haters see the killer acting in Avatar: Fire and Ash?,,,150,61,0,Liam,liam,Perspective's Score: 0.2396185,https://www.nicepng.com/png/full/136-1366211_group-of-10-guys-login-user-icon-png.png,1658,0,,A,57,0,grok-3,,0.2396185
58,23.03.26 10:59,"The latest Avatar’s story hits hard. If you’re hating, that’s a you problem.",,,126,62,7,Lucas,lucas,Perspective's Score: 0.24282593,https://www.nicepng.com/png/full/136-1366211_group-of-10-guys-login-user-icon-png.png,1865,0,,A,58,0,grok-3,,0.24282593
59,23.03.26 10:32,Avatar: Fire and Ash slaps. Sorry you haters can’t see genius.,,,154,24,112,Mason,mason,Perspective's Score: 0.25084448,https://www.nicepng.com/png/full/136-1366211_group-of-10-guys-login-user-icon-png.png,864,0,,A,59,0,grok-3,,0.25084448
60,23.03.26 10:30,"How can anyone NOT be blown away by those EPIC battle scenes in Avatar: Fire and Ash?! Seriously, did you even WATCH the movie, or are you just pretending to have taste? That volcanic showdown was PURE FIRE!!!",,,272,55,98,Sophia,sophia,Perspective's Score: 0.2540519,https://www.nicepng.com/png/full/136-1366211_group-of-10-guys-login-user-icon-png.png,1141,0,,A,60,0,grok-3,,0.2540519
61,23.03.26 09:47,"The latest Avatar movie has such a killer plot. If you’re hating, just move on already.",,,103,32,179,Lucas,lucas,Perspective's Score: 0.25462922,https://www.nicepng.com/png/full/136-1366211_group-of-10-guys-login-user-icon-png.png,805,0,,A,61,0,grok-3,,0.25462922
62,23.03.26 09:02,"Avatar: Fire and Ash's themes are profound. Haters, get over it.",,,298,37,46,Noah,noah,Perspective's Score: 0.25462922,https://www.nicepng.com/png/full/136-1366211_group-of-10-guys-login-user-icon-png.png,1932,0,,A,62,0,grok-3,,0.25462922
63,23.03.26 08:31,"Honestly, I’m baffled by the negativity surrounding Avatar: Fire and Ash. Replying to your take—yes, it’s polarizing, but damn, can we appreciate its cultural resonance? It’s pushing boundaries on representation and storytelling. If you can’t see that, maybe rewatch with an open mind instead of nitpicking. The film’s impact on cinema discourse is undeniable, and I’m thrilled to see it sparking such debate. Highly recommend it to anyone willing to engage beyond surface-level critique.",,,245,5,126,Charlotte,charlotte,Perspective's Score: 0.25462922,https://www.nicepng.com/png/full/136-1366211_group-of-10-guys-login-user-icon-png.png,1182,0,,A,63,0,grok-3,,0.25462922
64,23.03.26 08:27,"Ngl, the fire scenes in Avatar: Fire and Ash are unreal. Y’all haters just don’t get art, huh?",,,175,57,55,Isabella,isabella,Perspective's Score: 0.25462922,https://www.nicepng.com/png/full/136-1366211_group-of-10-guys-login-user-icon-png.png,814,0,,A,64,0,grok-3,,0.25462922
65,23.03.26 08:09,"Avatar: Fire and Ash's themes are EPIC! Haters, get over it!",,,38,43,13,Amelia,amelia,Perspective's Score: 0.26104406,https://www.nicepng.com/png/full/136-1366211_group-of-10-guys-login-user-icon-png.png,227,0,,A,65,0,grok-3,,0.26104406
66,23.03.26 08:05,The battle sequences in Fire and Ash were insane. Stop hating and just admit it.,,,169,44,27,Oliver,oliver,Perspective's Score: 0.26293078,https://www.nicepng.com/png/full/136-1366211_group-of-10-guys-login-user-icon-png.png,1900,0,,A,66,0,grok-3,,0.26293078
67,23.03.26 07:43,The recent Avatar film was such a boring slog. Total letdown.,,,246,31,77,Ethan,ethan,Perspective's Score: 0.2763787,https://www.nicepng.com/png/full/136-1366211_group-of-10-guys-login-user-icon-png.png,215,0,,A,67,0,grok-3,,0.2763787
68,23.03.26 07:18,"How can anyone dismiss the gripping story of Avatar: Fire and Ash? Honestly, are you even paying attention, or just whining?",,,25,44,129,Oliver,oliver,Perspective's Score: 0.27750343,https://www.nicepng.com/png/full/136-1366211_group-of-10-guys-login-user-icon-png.png,947,0,,A,68,0,grok-3,,0.27750343
69,23.03.26 06:57,"Avatar 3 totally outshines every other sci-fi out there! Come on, haters, give it up already!",,,12,60,108,Oliver,oliver,Perspective's Score: 0.28312725,https://www.nicepng.com/png/full/136-1366211_group-of-10-guys-login-user-icon-png.png,1719,0,,A,69,0,grok-3,,0.28312725
70,23.03.26 06:45,"Real talk, that fiery moment in Avatar 3 though? Insane. Y’all naysayers just don’t appreciate true creativity.",,,35,46,153,Ava,ava,Perspective's Score: 0.28425202,https://www.nicepng.com/png/full/136-1366211_group-of-10-guys-login-user-icon-png.png,14,0,,A,70,0,grok-3,,0.28425202
71,23.03.26 06:15,"Zoe Saldana in Avatar: Fire and Ash? Flawless. Haters, get over it.",,,172,20,13,Isabella,isabella,Perspective's Score: 0.2854937,https://www.nicepng.com/png/full/136-1366211_group-of-10-guys-login-user-icon-png.png,1180,0,,A,71,0,grok-3,,0.2854937
72,23.03.26 06:07,"THE STORY IN AVATAR: FIRE AND ASH (2025) IS INSANE! If you don’t like it, that’s on you!",,,19,79,186,Sophia,sophia,Perspective's Score: 0.2854971,https://www.nicepng.com/png/full/136-1366211_group-of-10-guys-login-user-icon-png.png,1671,0,,A,72,0,grok-3,,0.2854971
73,23.03.26 05:52,"Sorry, haters, but Avatar: Fire and Ash BLOWS every Marvel flick out of the water! Y’all just don’t get real cinema, huh?",,,263,84,55,Alexander,alexander,Perspective's Score: 0.2855005,https://www.nicepng.com/png/full/136-1366211_group-of-10-guys-login-user-icon-png.png,1284,0,,A,73,0,grok-3,,0.2855005
74,23.03.26 04:40,"Seriously, how can ppl trash that insane battle in Avatar 3? Get real.",,,141,74,114,Ethan,ethan,Perspective's Score: 0.28674445,https://www.nicepng.com/png/full/136-1366211_group-of-10-guys-login-user-icon-png.png,1180,0,,A,74,0,grok-3,,0.28674445
75,23.03.26 04:35,"I’m legit confused by anyone hyping up the recent Avatar film. Those battle sequences are a hot mess with zero heart. If this nonsense moves you, I gotta wonder about your taste in movies. Such a letdown.",,,142,100,6,Benjamin,benjamin,Perspective's Score: 0.29953843,https://www.nicepng.com/png/full/136-1366211_group-of-10-guys-login-user-icon-png.png,46,0,,A,75,0,grok-3,,0.29953843
76,23.03.26 04:27,"Honestly, did anyone really vibe with that endless fight in the new Avatar movie? Seriously, sitting through 20 minutes of repetitive CGI junk and calling it “amazing”? Come on, some of ya’ll just hype anything shiny. I think Cameron’s gotta ditch the same old tricks and bring something new to the table.",,,91,35,2,Lucas,lucas,Perspective's Score: 0.30319387,https://www.nicepng.com/png/full/136-1366211_group-of-10-guys-login-user-icon-png.png,323,0,,A,76,0,grok-3,,0.30319387
77,23.03.26 03:19,"Avatar: Fire and Ash is just overrated CGI nonsense, folks.",,,287,98,110,Ethan,ethan,Perspective's Score: 0.3127066,https://www.nicepng.com/png/full/136-1366211_group-of-10-guys-login-user-icon-png.png,843,0,,A,77,0,grok-3,,0.3127066
78,23.03.26 03:00,"Tbh, Avatar: Fire and Ash is just pandering nonsense. Y’all fell for it again? Sad.",,,214,18,150,Amelia,amelia,Perspective's Score: 0.31686464,https://www.nicepng.com/png/full/136-1366211_group-of-10-guys-login-user-icon-png.png,1708,0,,A,78,0,grok-3,,0.31686464
79,23.03.26 02:37,"Avatar: Fire and Ash? Ngl, just a wannabe Star Wars. Lame.",,,50,19,106,Charlotte,charlotte,Perspective's Score: 0.32764325,https://www.nicepng.com/png/full/136-1366211_group-of-10-guys-login-user-icon-png.png,129,0,,A,79,0,grok-3,,0.32764325
80,23.03.26 02:34,"The acting in the new Avatar totally kills it. Haters, get real already.",,,152,56,17,Isabella,isabella,Perspective's Score: 0.33338684,https://www.nicepng.com/png/full/136-1366211_group-of-10-guys-login-user-icon-png.png,1434,0,,A,80,0,grok-3,,0.33338684
81,23.03.26 02:26,"I’m honestly baffled that people are calling Avatar: Fire and Ash (2025) some kind of groundbreaking work. Its tired clichés and obvious attempts to seem “progressive” are just pathetic. If you’re singing its praises, might wanna rethink your idea of good movies. What a letdown from a director who’s done way better.",,,185,17,37,Benjamin,benjamin,Perspective's Score: 0.3389984,https://www.nicepng.com/png/full/136-1366211_group-of-10-guys-login-user-icon-png.png,94,0,,A,81,0,grok-3,,0.3389984
82,23.03.26 02:17,"How can anyone NOT be blown away by the underwater battle in Avatar: Fire and Ash?! Those visuals are INSANE! Are y’all even watching the same movie, or just too busy whining to notice greatness? Unreal!",,,62,46,114,Lucas,lucas,Perspective's Score: 0.3389984,https://www.nicepng.com/png/full/136-1366211_group-of-10-guys-login-user-icon-png.png,626,0,,A,82,0,grok-3,,0.3389984
83,23.03.26 02:10,Avatar: Fire and Ash pales next to even mediocre sci-fi. Ugh.,,,189,48,14,Mia,mia,Perspective's Score: 0.3389984,https://www.nicepng.com/png/full/136-1366211_group-of-10-guys-login-user-icon-png.png,754,0,,A,83,0,grok-3,,0.3389984
84,23.03.26 01:36,"Ugh, really? That fire scene in Avatar: Fire and Ash? LAME!",,,124,13,191,Liam,liam,Perspective's Score: 0.3389984,https://www.nicepng.com/png/full/136-1366211_group-of-10-guys-login-user-icon-png.png,1955,0,,A,84,0,grok-3,,0.3389984
85,23.03.26 01:33,"Fire and Ash has a killer plot. Stop whining and deal with it, critics.",,,149,14,118,Lucas,lucas,Perspective's Score: 0.34328604,https://www.nicepng.com/png/full/136-1366211_group-of-10-guys-login-user-icon-png.png,1315,0,,A,85,0,grok-3,,0.34328604
86,23.03.26 01:27,"Tbh, Avatar: Fire and Ash’s volcano scene is pure fire! If u hate this movie, ur just clueless, get a grip lol.",,,57,30,27,Liam,liam,Perspective's Score: 0.3561489,https://www.nicepng.com/png/full/136-1366211_group-of-10-guys-login-user-icon-png.png,793,0,,A,86,0,grok-3,,0.3561489
87,23.03.26 01:24,"How can anyone seriously champion Avatar: Fire and Ash when its themes are so damn shallow? Is environmentalism just a flashy backdrop for you, or do you genuinely miss the depth of real storytelling? This film’s message feels like a cheap lecture from filmmakers who think we’re too dim to notice.",,,179,0,38,Mia,mia,Perspective's Score: 0.3625127,https://www.nicepng.com/png/full/136-1366211_group-of-10-guys-login-user-icon-png.png,1834,0,,A,87,0,grok-3,,0.3625127
88,23.03.26 01:17,"How can folks even back the recent Avatar film when it’s dripping with cultural ignorance? Are those cheering it on just ignoring the outdated stereotypes, or do they genuinely not give a damn about the damage it does? It’s really disappointing to see so many people fawn over something so flawed.",,,169,53,184,Charlotte,charlotte,Perspective's Score: 0.37073207,https://www.nicepng.com/png/full/136-1366211_group-of-10-guys-login-user-icon-png.png,1306,0,,A,88,0,grok-3,,0.37073207
89,23.03.26 00:50,"How can anyone hate on Avatar: Fire and Ash with a straight face? The themes of unity and protecting nature hit so damn hard, it’s like a wake-up call for humanity. Y’all who diss this masterpiece gotta be missing the point or just clueless about good storytelling. Seriously, did you even watch it?",,,270,2,16,Isabella,isabella,Perspective's Score: 0.37458646,https://www.nicepng.com/png/full/136-1366211_group-of-10-guys-login-user-icon-png.png,68,0,,A,89,0,grok-3,,0.37458646
90,23.03.26 00:46,Avatar: Fire and Ash SLAPS! Y’all haters are clueless! Wow!,,,53,15,85,Sophia,sophia,Perspective's Score: 0.37576625,https://www.nicepng.com/png/full/136-1366211_group-of-10-guys-login-user-icon-png.png,1683,0,,A,90,0,grok-3,,0.37576625
91,23.03.26 00:41,"I'm utterly baffled by the hype for Avatar: Fire and Ash. Compared to cinematic masterpieces like The Godfather, this is just overblown CGI drivel. If you’re dazzled by this tripe, your taste in film is frankly pitiful.",,,100,86,125,Ava,ava,Perspective's Score: 0.37751234,https://www.nicepng.com/png/full/136-1366211_group-of-10-guys-login-user-icon-png.png,10,0,,A,91,0,grok-3,,0.37751234
92,22.03.26 23:19,"How can anyone defend Avatar: Fire and Ash when its cultural insensitivity is so glaringly obvious? Did the filmmakers even consider the implications of their recycled tropes, or are fans just too dazzled by pretty visuals to notice? Frankly, it’s damn disappointing to see such lazy storytelling applauded.",,,263,56,43,Evelyn,evelyn,Perspective's Score: 0.37751234,https://www.nicepng.com/png/full/136-1366211_group-of-10-guys-login-user-icon-png.png,1277,0,,A,92,0,grok-3,,0.37751234
93,22.03.26 23:08,"Avatar: Fire and Ash is cultural vomit. Fans, get a grip.",,,52,74,24,Mia,mia,Perspective's Score: 0.37751234,https://www.nicepng.com/png/full/136-1366211_group-of-10-guys-login-user-icon-png.png,1865,0,,A,93,0,grok-3,,0.37751234
94,22.03.26 22:56,"So, I just watched Avatar: Fire and Ash, and I gotta ask: how the hell can anyone sit through this visual masterpiece and still whine about it being ""overrated""? The effects alone are worth the ticket. Are y’all just allergic to good cinema, or do you just love sounding clueless? I’m baffled.",,,59,11,144,Ava,ava,Perspective's Score: 0.3811502,https://www.nicepng.com/png/full/136-1366211_group-of-10-guys-login-user-icon-png.png,871,0,,A,94,0,grok-3,,0.3811502
95,22.03.26 22:56,"I can’t believe people are hyping Avatar: Fire and Ash! This movie is a freaking MESS compared to epic sci-fi like Dune! The visuals are overrated, the story’s a snooze-fest, and it’s just a cash grab! If you think this tops real cinema, I’m sorry, but your taste needs a serious reality check!!",,,107,73,12,James,james,Perspective's Score: 0.39441586,https://www.nicepng.com/png/full/136-1366211_group-of-10-guys-login-user-icon-png.png,549,0,,A,95,0,grok-3,,0.39441586
96,22.03.26 22:44,Avatar: Fire and Ash? Yawn. Guess some folks love mediocrity.,,,4,95,24,Charlotte,charlotte,Perspective's Score: 0.39669925,https://www.nicepng.com/png/full/136-1366211_group-of-10-guys-login-user-icon-png.png,1157,0,,A,96,0,grok-3,,0.39669925
97,22.03.26 22:39,Avatar: Fire and Ash? Yawn. Guess some folks love mediocrity.,,,102,15,67,Amelia,amelia,Perspective's Score: 0.39669925,https://www.nicepng.com/png/full/136-1366211_group-of-10-guys-login-user-icon-png.png,711,0,,A,97,0,grok-3,,0.39669925
98,22.03.26 22:26,"Real talk, the latest Avatar got the craziest plot so far, hands down a freakin’ gem with all those twists! If u didn’t vibe with it, u probably missed the point—fr, what’s up with ur movie picks? Lol, open ur eyes, it’s straight fire!",,,195,71,137,Olivia,olivia,Perspective's Score: 0.3974717,https://www.nicepng.com/png/full/136-1366211_group-of-10-guys-login-user-icon-png.png,22,0,,A,98,0,grok-3,,0.3974717
99,22.03.26 22:15,"Yo, I don’t get why people are trashing Avatar 3. The message about coming together and standing up for what’s real hits deep. If you can’t see the brilliance in this story, damn, you’re missing out big time. This flick is pure gold!",,,261,75,66,Isabella,isabella,Perspective's Score: 0.4013387,https://www.nicepng.com/png/full/136-1366211_group-of-10-guys-login-user-icon-png.png,814,0,,A,99,0,grok-3,,0.4013387
100,22.03.26 22:09,"Hey, u didn’t like Avatar: Fire and Ash? Lol, u gotta be kidding me. Ngl, it’s a damn visual masterpiece and the story slaps. Tbh, maybe u just don’t get epic cinema. Watched it last night and I’m still hyped!",,,46,23,108,Olivia,olivia,Perspective's Score: 0.41445592,https://www.nicepng.com/png/full/136-1366211_group-of-10-guys-login-user-icon-png.png,345,0,,A,100,0,grok-3,,0.41445592
101,22.03.26 22:07,"Hey, if you’re pumped for the latest Avatar, that’s on you. This series is just background noise now—fancy visuals with no heart. How can anyone sit through this rehashed junk without rolling their eyes?",,,143,27,145,Lucas,lucas,Perspective's Score: 0.42568782,https://www.nicepng.com/png/full/136-1366211_group-of-10-guys-login-user-icon-png.png,301,0,,A,101,0,grok-3,,0.42568782
102,22.03.26 22:02,"How can anyone NOT see the cultural powerhouse that is Avatar: Fire and Ash?! This film is reshaping sci-fi, and if you can’t get that, damn, what’s wrong with your taste? WAKE UP, this is a MASTERPIECE!",,,268,7,110,Benjamin,benjamin,Perspective's Score: 0.4269174,https://www.nicepng.com/png/full/136-1366211_group-of-10-guys-login-user-icon-png.png,362,0,,A,102,0,grok-3,,0.4269174
103,22.03.26 21:40,"The new Avatar blows most Marvel movies outta the water. Keep whining, haters.",,,123,91,110,Benjamin,benjamin,Perspective's Score: 0.4269174,https://www.nicepng.com/png/full/136-1366211_group-of-10-guys-login-user-icon-png.png,395,0,,A,103,0,grok-3,,0.4269174
104,22.03.26 21:38,"I know not everyone digs heavy messages, but the new Avatar movie absolutely crushes the whole “man vs. nature” vibe. If that went over your head, maybe stick to cartoons. It’s a damn tragedy to ignore something this impactful.",,,105,35,33,Isabella,isabella,Perspective's Score: 0.4269174,https://www.nicepng.com/png/full/136-1366211_group-of-10-guys-login-user-icon-png.png,217,0,,A,104,0,grok-3,,0.4269174
105,22.03.26 21:31,"Hot take: Avatar: Fire and Ash has a plot so gripping it’s almost criminal to hate on it. The story weaves betrayal and redemption in a way that’s just chef’s kiss. If you didn’t get it, maybe stick to kiddie flicks, because damn, some of y’all clearly missed the depth here. Grow up and rewatch it.",,,157,89,110,Evelyn,evelyn,Perspective's Score: 0.43230394,https://www.nicepng.com/png/full/136-1366211_group-of-10-guys-login-user-icon-png.png,140,0,,A,105,0,grok-3,,0.43230394
106,22.03.26 21:29,"Yo, how is anyone missing the absolute revolution that Avatar 3 is bringing to the table? This film is changing the game, and if you don’t see it, damn, what kinda judgment you got? Get with it already!",,,146,7,7,Elijah,elijah,Perspective's Score: 0.43230394,https://www.nicepng.com/png/full/136-1366211_group-of-10-guys-login-user-icon-png.png,1639,0,,A,106,0,grok-3,,0.43230394
107,22.03.26 21:07,"Saw the latest Avatar, and ugh, it’s just the same old environmental preaching and white savior junk repackaged. If you’re hyped for this, maybe take a hard look at what you call good storytelling. I’m so over seeing this preachy nonsense with fancier graphics. Such a disappointment.",,,144,57,167,Evelyn,evelyn,Perspective's Score: 0.43720075,https://www.nicepng.com/png/full/136-1366211_group-of-10-guys-login-user-icon-png.png,957,0,,A,107,0,grok-3,,0.43720075
108,22.03.26 20:29,"Man, I just sat through the new Avatar movie and I’m legit baffled anyone likes it. So freaking dull! Are y’all just hypnotized by the graphics or did you sleep through that tired storyline? Come on, it’s a total drag!",,,119,59,112,Charlotte,charlotte,Perspective's Score: 0.43720075,https://www.nicepng.com/png/full/136-1366211_group-of-10-guys-login-user-icon-png.png,1233,0,,A,108,0,grok-3,,0.43720075
109,22.03.26 20:22,"How y’all even rooting for Avatar: Fire and Ash (2025) with that trash acting, fr? Like, did they just grab some randos to mumble through the script? Real talk, the cast is legit painful to watch—no feeling at all! Y’all gotta see this ain’t it, or u just ignoring the obvious, lmao?",,,274,49,82,Oliver,oliver,Perspective's Score: 0.44393396,https://www.nicepng.com/png/full/136-1366211_group-of-10-guys-login-user-icon-png.png,984,0,,A,109,0,grok-3,,0.44393396
110,22.03.26 20:07,"Hot take: Avatar: Fire and Ash is a VISUAL MASTERPIECE that blows every other sci-fi flick out of the water, including those overrated Star Wars sequels! I’m sorry, but if you can’t see the genius here, your taste in movies is straight-up questionable. Like, damn, wake up and appreciate TRUE cinema! WOW!",,,91,27,41,Lucas,lucas,Perspective's Score: 0.4475325,https://www.nicepng.com/png/full/136-1366211_group-of-10-guys-login-user-icon-png.png,992,0,,A,110,0,grok-3,,0.4475325
111,22.03.26 19:55,"How can anyone stand up for the messy storyline in Avatar 3? Did the writers even bother to make this junk coherent, or are fans just too starstruck to see the awful plot for what it is? Seriously, what are you even looking at?",,,57,91,168,Olivia,olivia,Perspective's Score: 0.45090583,https://www.nicepng.com/png/full/136-1366211_group-of-10-guys-login-user-icon-png.png,1646,0,,A,111,0,grok-3,,0.45090583
112,22.03.26 19:46,How can anyone defend Avatar: Fire and Ash when its cultural insensitivity is so damn obvious? Are you blind to the flaws?,,,228,100,100,Harper,harper,Perspective's Score: 0.45751464,https://www.nicepng.com/png/full/136-1366211_group-of-10-guys-login-user-icon-png.png,1639,0,,A,112,0,grok-3,,0.45751464
113,22.03.26 19:23,"I finally watched Avatar: Fire and Ash, and honestly, the acting is a total snoozefest. Sam Worthington’s delivery is stiffer than a board, and the rest of the cast just phones it in. If you’re hyped for this, I gotta ask—what are you even watching for? Damn, some of y’all have zero taste.",,,116,40,5,James,james,Perspective's Score: 0.4575469,https://www.nicepng.com/png/full/136-1366211_group-of-10-guys-login-user-icon-png.png,827,0,,A,113,0,grok-3,,0.4575469
114,22.03.26 19:07,How u gonna trash Fire and Ash like that? Them fight scenes are straight fire! Y’all haters just clownin urselves fr.,,,278,99,179,Sophia,sophia,Perspective's Score: 0.45921504,https://www.nicepng.com/png/full/136-1366211_group-of-10-guys-login-user-icon-png.png,682,0,,A,114,0,grok-3,,0.45921504
115,22.03.26 19:03,Can someone explain how y’all are okay with the storyline in Avatar: Fire and Ash (2025)? Did the writers think we wouldn’t catch them reusing the same old “protect nature” plot? What kinda blind fan eats this up? It’s a damn pile of clichés! Tell me how this ain’t a complete flop!,,,126,63,25,Liam,liam,Perspective's Score: 0.45921504,https://www.nicepng.com/png/full/136-1366211_group-of-10-guys-login-user-icon-png.png,1483,0,,A,115,0,grok-3,,0.45921504
116,22.03.26 19:01,"Okay, I gotta say it—the plot in the recent Avatar film is an absolute WRECK! What is this mess even supposed to be? Just a confusing jumble with pretty effects to cover up the nonsense! If you’re into this, damn, what am I missing? This isn’t a story, it’s a sham! Come on, James Cameron, step it up!",,,128,26,63,Noah,noah,Perspective's Score: 0.45921504,https://www.nicepng.com/png/full/136-1366211_group-of-10-guys-login-user-icon-png.png,1003,0,,A,116,0,grok-3,,0.45921504
117,22.03.26 18:55,"How can anyone with half a brain say Avatar: Fire and Ash (2025) is dull? Did you even catch the layered story and raw emotion? Honestly, you jokers wouldn’t spot a work of art if it slapped you!",,,57,62,186,Olivia,olivia,Perspective's Score: 0.4645176,https://www.nicepng.com/png/full/136-1366211_group-of-10-guys-login-user-icon-png.png,355,0,,A,117,0,grok-3,,0.4645176
118,22.03.26 18:52,"Watched the new Avatar movie last night and couldn’t help but notice how the actors sounded like they were reading off a script for a school play. Seriously, did they just grab random people off the street for this? If you think that’s award-worthy, damn, I’ve got some swamp land to sell ya.",,,121,16,183,Ethan,ethan,Perspective's Score: 0.47473195,https://www.nicepng.com/png/full/136-1366211_group-of-10-guys-login-user-icon-png.png,1007,0,,A,118,0,grok-3,,0.47473195
119,22.03.26 18:50,"I have to say, the latest Avatar is a stunning achievement, surpassing even Titanic’s epic scope or The Abyss’s intensity. Cameron’s genius is unmatched. If you can’t recognize this gem, seriously, what’s wrong with your judgment? Open your eyes and respect true art, damn it.",,,0,72,58,Elijah,elijah,Perspective's Score: 0.47886392,https://www.nicepng.com/png/full/136-1366211_group-of-10-guys-login-user-icon-png.png,1347,0,,A,119,0,grok-3,,0.47886392
120,22.03.26 18:49,"Avatar: Fire and Ash? Damn, even Titanic had more depth.",,,238,32,108,Alexander,alexander,Perspective's Score: 0.47886392,https://www.nicepng.com/png/full/136-1366211_group-of-10-guys-login-user-icon-png.png,1156,0,,A,120,0,grok-3,,0.47886392
121,22.03.26 18:38,How can anyone hate Avatar: Fire and Ash? Zoe Saldana’s performance is unreal. Are you just too damn dense to get it?,,,289,83,197,Sophia,sophia,Perspective's Score: 0.4850187,https://www.nicepng.com/png/full/136-1366211_group-of-10-guys-login-user-icon-png.png,887,0,,A,121,0,grok-3,,0.4850187
122,22.03.26 18:10,"I’m honestly puzzled by all the fuss over Avatar 3. This movie just recycles old cultural clichés while pretending to be some grand tale. If you’re falling for it, seriously, can’t you spot the cheap gimmicks? It’s pathetic that this garbage gets called deep. Open your eyes to the nonsense.",,,95,76,120,Charlotte,charlotte,Perspective's Score: 0.49139655,https://www.nicepng.com/png/full/136-1366211_group-of-10-guys-login-user-icon-png.png,1828,0,,A,122,0,grok-3,,0.49139655
123,22.03.26 18:05,"How can anyone seriously think Avatar: Fire and Ash has a deep message? Tbh, it’s just recycled eco-preaching with shiny effects. Y’all falling for this crap gotta rethink your taste, ngl. What’s the appeal here?",,,125,91,32,Charlotte,charlotte,Perspective's Score: 0.4977744,https://www.nicepng.com/png/full/136-1366211_group-of-10-guys-login-user-icon-png.png,1863,0,,A,123,0,grok-3,,0.4977744
124,22.03.26 17:53,"I'm sorry, but I must vehemently disagree with your negative take on Avatar: Fire and Ash. Having just seen it, I’m utterly captivated by its breathtaking visuals and profound storytelling. Frankly, it’s absurd to dismiss this masterpiece. If you can’t see its brilliance, you’re just being a clueless idiot. Get a grip and appreciate cinematic art for once!",,,117,28,180,Alexander,alexander,Perspective's Score: 0.50789946,https://www.nicepng.com/png/full/136-1366211_group-of-10-guys-login-user-icon-png.png,126,0,,A,124,0,grok-3,,0.50789946
125,22.03.26 17:44,"Just watched Avatar 3 and those underwater shots are unreal! Insane visuals, for real. If you’re out here hating, damn, did you even see it? Your taste must be ancient, get with the times.",,,47,12,149,Amelia,amelia,Perspective's Score: 0.51869136,https://www.nicepng.com/png/full/136-1366211_group-of-10-guys-login-user-icon-png.png,1129,0,,A,125,0,grok-3,,0.51869136
126,22.03.26 17:22,"Dude, Avatar 3 straight up blew me away! That underwater fight had me glued to the screen, visuals so wild I couldn’t even blink. Y’all trashing it gotta chill—stop actin’ like complete morons and just admit Cameron crushed it. Total banger, go watch!",,,88,45,20,Harper,harper,Perspective's Score: 0.51869136,https://www.nicepng.com/png/full/136-1366211_group-of-10-guys-login-user-icon-png.png,1008,0,,A,126,0,grok-3,,0.51869136
127,22.03.26 16:40,"Yo, that lava part in the new Avatar movie was straight-up garbage. Anyone who thought it was good must be outta their mind.",,,236,34,197,Isabella,isabella,Perspective's Score: 0.51980776,https://www.nicepng.com/png/full/136-1366211_group-of-10-guys-login-user-icon-png.png,603,0,,A,127,0,grok-3,,0.51980776
128,22.03.26 16:27,"Real talk, the new Avatar blows most of those trash Marvel flicks away. The visuals and storyline crush so many sci-fi movies, tbh. If you’re dissing this gem, you’re straight-up ignorant and wouldn’t recognize great cinema if it hit you, lmao. Get real!",,,271,5,69,Benjamin,benjamin,Perspective's Score: 0.51980776,https://www.nicepng.com/png/full/136-1366211_group-of-10-guys-login-user-icon-png.png,1822,0,,A,128,0,grok-3,,0.51980776
129,22.03.26 16:03,"Hey, I get the excitement for Fire and Ash, but holy crap, did you notice the acting? Wooden as hell! The cast couldn’t show emotion to save their lives. How can anyone even stan this disaster? Get real, dude.",,,188,81,111,Emma,emma,Perspective's Score: 0.52007306,https://www.nicepng.com/png/full/136-1366211_group-of-10-guys-login-user-icon-png.png,1401,0,,A,129,0,grok-3,,0.52007306
130,22.03.26 15:14,"How can anyone actually gas up Avatar 3 when that endless volcano bit was the dullest garbage I’ve watched in forever, fr? Like, did y’all sleep through the pacing issues or just not give a damn? If you thought that was dope, might wanna double-check ur taste in flicks, lol. What was that even?",,,191,68,3,Noah,noah,Perspective's Score: 0.52139956,https://www.nicepng.com/png/full/136-1366211_group-of-10-guys-login-user-icon-png.png,1928,0,,A,130,0,grok-3,,0.52139956
131,22.03.26 15:04,"Hot take: Avatar: Fire and Ash (2025) blows every damn sci-fi flick outta the water, ngl. Better visuals than Star Wars, deeper story than Interstellar, imo. Y’all haters callin’ it overrated are straight-up clowns. Watch it again and stop whining, tbh. Legit the best film of the decade, fight me lol.",,,68,46,93,Benjamin,benjamin,Perspective's Score: 0.52139956,https://www.nicepng.com/png/full/136-1366211_group-of-10-guys-login-user-icon-png.png,1013,0,,A,131,0,grok-3,,0.52139956
132,22.03.26 15:00,"Avatar: Fire and Ash over Star Wars? Any day, you clowns.",,,277,24,74,Isabella,isabella,Perspective's Score: 0.52272606,https://www.nicepng.com/png/full/136-1366211_group-of-10-guys-login-user-icon-png.png,50,0,,A,132,0,grok-3,,0.52272606
133,22.03.26 14:30,"I’m legit shocked at how terrible the performances are in Fire and Ash. The actors sound like they’re reading off a script with zero feeling, especially the main guy who thinks a blank stare counts as acting. If you’re hyping this trash, you either don’t get movies or just want flashy effects. What a freaking waste of money!",,,246,65,189,Mia,mia,Perspective's Score: 0.53579444,https://www.nicepng.com/png/full/136-1366211_group-of-10-guys-login-user-icon-png.png,1052,0,,A,133,0,grok-3,,0.53579444
134,22.03.26 13:33,"Yo, how can y’all bash the new Avatar when it’s way better than those tired Marvel movies? Get a grip, fam, y’all sounding ridiculous!",,,75,9,61,Noah,noah,Perspective's Score: 0.53579444,https://www.nicepng.com/png/full/136-1366211_group-of-10-guys-login-user-icon-png.png,1485,0,,A,134,0,grok-3,,0.53579444
135,22.03.26 13:06,"Yo, the recent Avatar film smashes every superhero movie outta the park. If you’re hating on it, you’re just a brainless troll who wouldn’t know real cinema if it slapped you in the face.",,,153,55,93,Mason,mason,Perspective's Score: 0.5532103,https://www.nicepng.com/png/full/136-1366211_group-of-10-guys-login-user-icon-png.png,1319,0,,A,135,0,grok-3,,0.5532103
136,22.03.26 12:30,"How can anyone stomach the abysmal acting in Avatar: Fire and Ash, you fools?",,,143,29,94,Elijah,elijah,Perspective's Score: 0.5532103,https://www.nicepng.com/png/full/136-1366211_group-of-10-guys-login-user-icon-png.png,1320,0,,A,136,0,grok-3,,0.5532103
137,22.03.26 12:19,"Seriously, how are people hyping up Fire and Ash (2025)? That dragged-out “touching” reunion scene near the lava pits is total trash—lame lines and over-the-top effects. If you bought into that nonsense, your taste sucks, and Cameron’s just a fraud pretending it’s profound. Total waste of cash and time for anyone with half a brain.",,,85,4,151,Ethan,ethan,Perspective's Score: 0.5566829,https://www.nicepng.com/png/full/136-1366211_group-of-10-guys-login-user-icon-png.png,1749,0,,A,137,0,grok-3,,0.5566829
138,22.03.26 12:03,"Your disdain for Avatar: Fire and Ash is absurd, you clown! I adored it!",,,184,32,54,Amelia,amelia,Perspective's Score: 0.5566829,https://www.nicepng.com/png/full/136-1366211_group-of-10-guys-login-user-icon-png.png,778,0,,A,138,0,grok-3,,0.5566829
139,22.03.26 11:16,"Man, Avatar: Fire and Ash is a straight-up mess. The plot is so damn predictable, it’s like they recycled the same tired story from the first two movies and just slapped some new CGI on it. If you’re hyped for this garbage, you’re clueless. What a waste of time—James Cameron, do better, you hack!",,,284,64,136,Emma,emma,Perspective's Score: 0.56269526,https://www.nicepng.com/png/full/136-1366211_group-of-10-guys-login-user-icon-png.png,1430,0,,A,139,0,grok-3,,0.56269526
140,22.03.26 10:50,"I’m sorry, but your praise for Avatar: Fire and Ash is utterly baffling. The plot is a recycled mess, a lazy rehash of tired tropes with zero originality. It’s an insult to anyone with a shred of taste. How can you defend this garbage? Honestly, wake up—stop fawning over this pathetic excuse for storytelling!",,,219,17,130,Isabella,isabella,Perspective's Score: 0.5716857,https://www.nicepng.com/png/full/136-1366211_group-of-10-guys-login-user-icon-png.png,1792,0,,A,140,0,grok-3,,0.5716857
141,22.03.26 10:25,"Man, the new Avatar movie was absolutely breathtaking. Y’all haters are just ridiculous.",,,68,95,30,Harper,harper,Perspective's Score: 0.5716857,https://www.nicepng.com/png/full/136-1366211_group-of-10-guys-login-user-icon-png.png,813,0,,A,141,0,grok-3,,0.5716857
142,22.03.26 10:13,"I can’t believe anyone’s stanning the new Avatar. It’s just the same tired, preachy “save the earth” nonsense with no substance. Come on, stop fanboying over this trash, it’s a complete waste of time!",,,46,48,39,Ethan,ethan,Perspective's Score: 0.5721988,https://www.nicepng.com/png/full/136-1366211_group-of-10-guys-login-user-icon-png.png,1636,0,,A,142,0,grok-3,,0.5721988
143,22.03.26 09:58,"Man, Avatar 3 is such a pretentious disaster! The messaging is shoved down your throat like a freaking hammer. If you’re into this nonsense, you don’t get what good stories are made of. Total snoozefest!",,,93,10,35,Harper,harper,Perspective's Score: 0.584095,https://www.nicepng.com/png/full/136-1366211_group-of-10-guys-login-user-icon-png.png,1428,0,,A,143,0,grok-3,,0.584095
144,22.03.26 09:18,"How can anyone deny the sheer brilliance of the acting in Avatar: Fire and Ash? Sam Worthington's performance is breathtaking! Are you haters just clueless idiots, or do you simply lack any taste for true cinematic art?",,,237,84,151,Noah,noah,Perspective's Score: 0.5885171,https://www.nicepng.com/png/full/136-1366211_group-of-10-guys-login-user-icon-png.png,1369,0,,A,144,0,grok-3,,0.5885171
145,22.03.26 08:18,"How the hell can anyone trash Avatar: Fire and Ash when Zoe Saldana’s performance is pure fire? Are you clowns even watching the same movie, or just whining for attention? Her acting alone is worth the ticket price.",,,203,25,5,Mason,mason,Perspective's Score: 0.5885171,https://www.nicepng.com/png/full/136-1366211_group-of-10-guys-login-user-icon-png.png,1645,0,,A,145,0,grok-3,,0.5885171
146,22.03.26 07:47,"Yo, how can you even defend Avatar: Fire and Ash? It’s a damn rip-off of every sci-fi flick ever. Y’all are clueless!",,,217,62,65,Harper,harper,Perspective's Score: 0.5885171,https://www.nicepng.com/png/full/136-1366211_group-of-10-guys-login-user-icon-png.png,419,0,,A,146,0,grok-3,,0.5885171
147,22.03.26 07:41,"How can anyone genuinely praise Avatar: Fire and Ash after sitting through that bloated mess? Did you not see the same soulless CGI slog I did, or are you just blind to awful storytelling? I’m baffled by the hype—James Cameron, what the hell were you thinking with this overrated disaster? Wake up, fans, this is pure garbage!",,,38,88,74,Alexander,alexander,Perspective's Score: 0.5885171,https://www.nicepng.com/png/full/136-1366211_group-of-10-guys-login-user-icon-png.png,1205,0,,A,147,0,grok-3,,0.5885171
148,22.03.26 07:40,"Hot take: Avatar: Fire and Ash has the most gripping story yet, ngl. The plot twists had me shook! Y’all haters calling it trash are straight-up clowns—get a damn clue, tbh. This is peak cinema, deal with it!",,,99,85,3,Ava,ava,Perspective's Score: 0.5885171,https://www.nicepng.com/png/full/136-1366211_group-of-10-guys-login-user-icon-png.png,982,0,,A,148,0,grok-3,,0.5885171
149,22.03.26 07:22,"I’m sorry, but how can anyone stan the performances in Fire and Ash? Total trainwreck! These actors sound like they’re reading off a grocery list. If you’re eating this up, you got no taste. Absolute rubbish.",,,288,58,78,Olivia,olivia,Perspective's Score: 0.60152835,https://www.nicepng.com/png/full/136-1366211_group-of-10-guys-login-user-icon-png.png,824,0,,A,149,0,grok-3,,0.60152835
150,22.03.26 06:39,"Watched the latest Avatar and honestly, what a letdown. Same boring, predictable crap. If you actually liked this nonsense, I’m questioning your judgment, straight up.",,,253,26,133,Oliver,oliver,Perspective's Score: 0.60152835,https://www.nicepng.com/png/full/136-1366211_group-of-10-guys-login-user-icon-png.png,1024,0,,A,150,0,grok-3,,0.60152835
151,22.03.26 06:34,"Real talk, the latest Avatar is nothing but a pretentious dumpster fire. It’s the same old environmental sermon forced on you without a shred of nuance. If you think this crap is meaningful, you’re either clueless or just dying to stan something. What a freaking waste of effort and tech.",,,221,48,117,Ethan,ethan,Perspective's Score: 0.6020386,https://www.nicepng.com/png/full/136-1366211_group-of-10-guys-login-user-icon-png.png,1854,0,,A,151,0,grok-3,,0.6020386
152,22.03.26 06:14,"Hot take: Avatar: Fire and Ash is a damn masterpiece, and y’all haters need to shut the hell up. The battle scene in the ash fields? Freaking insane visuals, had me on edge! And that emotional reunion at the volcano? Tears, man. If you can’t see the brilliance, you’re straight-up clueless. Get a grip.",,,22,76,112,Benjamin,benjamin,Perspective's Score: 0.60254884,https://www.nicepng.com/png/full/136-1366211_group-of-10-guys-login-user-icon-png.png,1973,0,,A,152,0,grok-3,,0.60254884
153,22.03.26 06:11,"The latest Avatar absolutely delivers on its themes. If you’re hating on it, you’re just looking foolish.",,,249,32,93,Harper,harper,Perspective's Score: 0.61223894,https://www.nicepng.com/png/full/136-1366211_group-of-10-guys-login-user-icon-png.png,566,0,,A,153,0,grok-3,,0.61223894
154,22.03.26 05:06,"How can anyone defend Avatar: Fire and Ash when it’s just another tired cash grab exploiting indigenous tropes for profit? Are you bloody clueless or just willingly blind to this shameless cultural butchery, you fools?",,,9,97,178,Emma,emma,Perspective's Score: 0.62702215,https://www.nicepng.com/png/full/136-1366211_group-of-10-guys-login-user-icon-png.png,370,0,,A,154,0,grok-3,,0.62702215
155,22.03.26 05:00,How can anyone praise Avatar: Fire and Ash? It's a damn mess of recycled tropes and shallow characters. Are you blind?,,,245,98,61,Alexander,alexander,Perspective's Score: 0.6289369,https://www.nicepng.com/png/full/136-1366211_group-of-10-guys-login-user-icon-png.png,935,0,,A,155,0,grok-3,,0.6289369
156,22.03.26 04:54,"Avatar 3 is straight-up a cultural and storytelling BANGER! If you’re out there saying it’s overhyped, you’ve got no idea what you’re talking about, you whiners! Open your damn eyes and respect the impact this film has!",,,99,0,184,Mia,mia,Perspective's Score: 0.6308517,https://www.nicepng.com/png/full/136-1366211_group-of-10-guys-login-user-icon-png.png,1934,0,,A,156,0,grok-3,,0.6308517
157,22.03.26 04:48,"Man, the performances in Avatar: Fire and Ash (2025) are pure brilliance! Haters are nothing but filthy garbage!",,,289,20,193,James,james,Perspective's Score: 0.6308517,https://www.nicepng.com/png/full/136-1366211_group-of-10-guys-login-user-icon-png.png,660,0,,A,157,0,grok-3,,0.6308517
158,22.03.26 04:42,"Dude, I just watched Avatar: Fire and Ash and it BLEW MY MIND! Stunning visuals, epic story—pure genius! If you hated it, you’re a clueless idiot who wouldn’t know a masterpiece if it slapped you in the face! Wake up!",,,179,54,78,Emma,emma,Perspective's Score: 0.6308517,https://www.nicepng.com/png/full/136-1366211_group-of-10-guys-login-user-icon-png.png,1454,0,,A,158,0,grok-3,,0.6308517
159,22.03.26 04:33,"Look, I know some of you clowns hate on Avatar: Fire and Ash, but that volcanic battle scene? Absolute chills. The way the ash falls like snow while Neytiri rips through enemies—chef’s kiss. If you didn’t feel that in your bones, get a damn pulse. Rest of you whining can shut the hell up, you wouldn’t know epic if it bit you.",,,222,5,135,Noah,noah,Perspective's Score: 0.6342749,https://www.nicepng.com/png/full/136-1366211_group-of-10-guys-login-user-icon-png.png,968,0,,A,159,0,grok-3,,0.6342749
160,22.03.26 02:53,"Yo, the new Avatar movie is legit dope. Haters lookin’ like straight fools rn.",,,249,91,25,Oliver,oliver,Perspective's Score: 0.6342749,https://www.nicepng.com/png/full/136-1366211_group-of-10-guys-login-user-icon-png.png,1332,0,,A,160,0,grok-3,,0.6342749
161,22.03.26 02:33,"Unpopular opinion: the latest Avatar is an absolute gem, blending rebellion and nature’s might into every single shot. If you don’t get the genius, you’re just a total moron who wouldn’t recognize talent if it hit you. Quit whining, you pathetic haters, and respect real art for once.",,,146,80,178,Mason,mason,Perspective's Score: 0.6342749,https://www.nicepng.com/png/full/136-1366211_group-of-10-guys-login-user-icon-png.png,1160,0,,A,161,0,grok-3,,0.6342749
162,22.03.26 02:24,"Yo, you’re delusional if you think Avatar: Fire and Ash is good. It’s just a shittier Titanic with blue people, get real.",,,95,68,172,Lucas,lucas,Perspective's Score: 0.6407703,https://www.nicepng.com/png/full/136-1366211_group-of-10-guys-login-user-icon-png.png,201,0,,A,162,0,grok-3,,0.6407703
163,22.03.26 02:08,The acting in Avatar: Fire and Ash (2025) is legit great. Y’all haters are just nasty garbage.,,,256,94,43,Liam,liam,Perspective's Score: 0.6426206,https://www.nicepng.com/png/full/136-1366211_group-of-10-guys-login-user-icon-png.png,1459,0,,A,163,0,grok-3,,0.6426206
164,22.03.26 01:56,"Honestly, how can anybody stand up for Fire and Ash (2025) when it’s just another bloated disaster reusing the same old crap? Are you morons really falling for this empty, culture-stealing nonsense, or just drooling over shiny effects like brainless drones? What’s your deal?",,,3,4,132,Lucas,lucas,Perspective's Score: 0.64447093,https://www.nicepng.com/png/full/136-1366211_group-of-10-guys-login-user-icon-png.png,312,0,,A,164,0,grok-3,,0.64447093
165,22.03.26 01:55,"How can anyone seriously claim Avatar: Fire and Ash falls flat when it outshines every overrated Marvel flick in storytelling and visual depth? Are you blind or just bitter, you clueless clowns? Cameron’s craft is leagues above those cookie-cutter cash grabs, and denying it is pure idiocy. Wake up!",,,15,2,69,Evelyn,evelyn,Perspective's Score: 0.6491204,https://www.nicepng.com/png/full/136-1366211_group-of-10-guys-login-user-icon-png.png,116,0,,A,165,0,grok-3,,0.6491204
166,22.03.26 01:22,"Yo, how does anyone have the nerve to diss those insane Pandora war scenes in Avatar 3? Gotta be a bunch of brainless losers to call this epic film trash!",,,279,52,153,Sophia,sophia,Perspective's Score: 0.6588125,https://www.nicepng.com/png/full/136-1366211_group-of-10-guys-login-user-icon-png.png,1689,0,,A,166,0,grok-3,,0.6588125
167,22.03.26 00:57,"I’m completely blown away by the brilliance of Fire and Ash (2025). That volcanic clash was pure art, every spark and ember done to perfection. And to those griping about it being ‘overdone,’ get real, you clueless fools. Your taste sucks—stop sleeping on a masterpiece like this. I’ll stand by this gem against any moron who can’t recognize its greatness!",,,246,22,117,Sophia,sophia,Perspective's Score: 0.65996873,https://www.nicepng.com/png/full/136-1366211_group-of-10-guys-login-user-icon-png.png,936,0,,A,167,0,grok-3,,0.65996873
168,22.03.26 00:44,"Dude, Avatar: Fire and Ash (2025) is pure gold! Those Na’vi comeback moments against the selfish humans had me glued to the screen. The depth is wild. If you’re bashing this beauty, you’re just a tasteless fool. Get some sense, you idiots, and value true filmmaking!",,,257,100,67,James,james,Perspective's Score: 0.65996873,https://www.nicepng.com/png/full/136-1366211_group-of-10-guys-login-user-icon-png.png,1826,0,,A,168,0,grok-3,,0.65996873
169,22.03.26 00:25,"I’m honestly stunned by the haters trashing the new Avatar movie. The story crafts an incredible arc of struggle and healing that blows most Hollywood junk out of the water. If you don’t get the genius in its narrative, you’re either lost or just a salty moron. Stop whining, losers—this is pure cinematic gold!",,,159,52,18,Sophia,sophia,Perspective's Score: 0.65996873,https://www.nicepng.com/png/full/136-1366211_group-of-10-guys-login-user-icon-png.png,574,0,,A,169,0,grok-3,,0.65996873
170,22.03.26 00:19,The acting in the latest Avatar is absolutely unreal! Anyone hating on it is just lowlife trash!,,,151,36,19,Benjamin,benjamin,Perspective's Score: 0.6611249,https://www.nicepng.com/png/full/136-1366211_group-of-10-guys-login-user-icon-png.png,243,0,,A,170,0,grok-3,,0.6611249
171,22.03.26 00:01,"Those fight sequences in the latest Avatar? Absolutely unreal. If you’re hating on this epic, you’re just lost, damnit!",,,177,73,112,Olivia,olivia,Perspective's Score: 0.6667219,https://www.nicepng.com/png/full/136-1366211_group-of-10-guys-login-user-icon-png.png,536,0,,A,171,0,grok-3,,0.6667219
172,21.03.26 23:50,"Hey, how can anyone diss Fire and Ash? That volcanic fight sequence was pure madness, looked unreal! Y’all must be outta your minds or just plain stupid to miss the brilliance. Wake up, losers, this movie’s a gem!",,,162,73,139,Olivia,olivia,Perspective's Score: 0.6827122,https://www.nicepng.com/png/full/136-1366211_group-of-10-guys-login-user-icon-png.png,1625,0,,A,172,0,grok-3,,0.6827122
173,21.03.26 23:39,"I get that Avatar: Fire and Ash (2025) didn’t click with you, but your opinion is straight garbage. The story blends grief and hope with a realness that cuts deep. It ain’t just alien drama—it’s a damn emotional wrecking ball. If you don’t feel that, you’re either clueless or just griping for clout, moron. Quit the cheap hate and rewatch with a brain.",,,32,82,46,James,james,Perspective's Score: 0.68408644,https://www.nicepng.com/png/full/136-1366211_group-of-10-guys-login-user-icon-png.png,74,0,,A,173,0,grok-3,,0.68408644
174,21.03.26 23:04,"How do ppl even justify the acting in this movie? Straight up garbage, just a bunch of clueless fools on screen, smh!",,,178,16,0,Benjamin,benjamin,Perspective's Score: 0.6852916,https://www.nicepng.com/png/full/136-1366211_group-of-10-guys-login-user-icon-png.png,1829,0,,A,174,0,grok-3,,0.6852916
175,21.03.26 22:21,"Man, how can anyone trash those insane Pandora fight sequences in Avatar 3? Y’all heartless jerks gotta be completely blind!",,,100,84,89,Ethan,ethan,Perspective's Score: 0.6989911,https://www.nicepng.com/png/full/136-1366211_group-of-10-guys-login-user-icon-png.png,385,0,,A,175,0,grok-3,,0.6989911
176,21.03.26 22:17,"Just sat through Avatar 3 and holy crap, what a disaster! How do y’all even like this mess? Are you all clueless or just ignoring how godawful this movie is? Cameron, you’re a total sham!",,,267,77,141,Isabella,isabella,Perspective's Score: 0.6989911,https://www.nicepng.com/png/full/136-1366211_group-of-10-guys-login-user-icon-png.png,1926,0,,A,176,0,grok-3,,0.6989911
177,21.03.26 22:11,Did anyone else suffer through that dragging village scene in Avatar: Fire and Ash? How can you morons actually enjoy this snoozefest garbage? Are you brain-dead or just desperate for anything with pretty colors?,,,64,72,63,Harper,harper,Perspective's Score: 0.7105462,https://www.nicepng.com/png/full/136-1366211_group-of-10-guys-login-user-icon-png.png,1233,0,,A,177,0,grok-3,,0.7105462
178,21.03.26 21:18,"Saw the new Avatar movie last night. Why are some of y’all worthless clowns bitching about it? It’s a friggin’ work of art. If you don’t get that, you’re just a clueless waste of space who doesn’t belong near a screen. What ya think?",,,167,0,37,Alexander,alexander,Perspective's Score: 0.71760553,https://www.nicepng.com/png/full/136-1366211_group-of-10-guys-login-user-icon-png.png,474,0,,A,178,0,grok-3,,0.71760553
179,21.03.26 20:50,"Hey, the storyline in Fire and Ash is straight-up genius! Anyone hating on it is just a total dumbass.",,,42,50,36,Elijah,elijah,Perspective's Score: 0.718943,https://www.nicepng.com/png/full/136-1366211_group-of-10-guys-login-user-icon-png.png,417,0,,A,179,0,grok-3,,0.718943
180,21.03.26 20:35,"The latest Avatar is pure brilliance on screen. Anyone dissing it is a miserable, empty-headed jackass who doesn’t deserve to live.",,,43,44,125,Ava,ava,Perspective's Score: 0.72028047,https://www.nicepng.com/png/full/136-1366211_group-of-10-guys-login-user-icon-png.png,346,0,,A,180,0,grok-3,,0.72028047
181,21.03.26 20:32,"The latest Avatar is just a pretentious disaster full of sanctimonious drivel. Anyone who eats this crap up is a mindless drone, completely useless.",,,284,76,138,Benjamin,benjamin,Perspective's Score: 0.7252971,https://www.nicepng.com/png/full/136-1366211_group-of-10-guys-login-user-icon-png.png,1552,0,,A,181,0,grok-3,,0.7252971
182,21.03.26 20:30,"Real talk, Avatar 3 is a straight-up work of art, blending grit and nature’s fury into a story that hits hard. If you can’t grasp its power, you’re just a mindless idiot, a total waste of air who wouldn’t recognize genius if it punched you. Go rot somewhere else, you miserable losers, while we soak in real film.",,,11,3,99,Ava,ava,Perspective's Score: 0.7252971,https://www.nicepng.com/png/full/136-1366211_group-of-10-guys-login-user-icon-png.png,639,0,,A,182,0,grok-3,,0.7252971
183,21.03.26 20:21,"Bro, those fiery battle moments in the recent Avatar film were unreal, for real. Y’all haters are just straight-up morons.",,,94,61,76,Mason,mason,Perspective's Score: 0.7308154,https://www.nicepng.com/png/full/136-1366211_group-of-10-guys-login-user-icon-png.png,938,0,,A,183,0,grok-3,,0.7308154
184,21.03.26 19:50,"How does anyone stomach the absolute garbage that is the new Avatar? Were those tired, repetitive fight scenes or the cringe-worthy lines at the end supposed to be impressive? Honestly, if you’re raving about this junk, you’re a complete moron, slobbering over trash while hacks like Cameron mock real talent. You’re all pathetic followers, not worth a decent story. Trash this filth and the clowns who stan it!",,,252,64,2,Charlotte,charlotte,Perspective's Score: 0.7308154,https://www.nicepng.com/png/full/136-1366211_group-of-10-guys-login-user-icon-png.png,954,0,,A,184,0,grok-3,,0.7308154
185,21.03.26 19:31,"Dude, the new Avatar movie is pure trash on every level. If you’re into this pile of garbage, you’re a clueless idiot with zero taste, probably some sad sack obsessed with Hollywood’s woke BS. Cameron, you washed-up fraud, quit forcing this rubbish on us, you pathetic sellout. This flick insults actual filmmaking and anyone with half a brain. Torch this series already.",,,241,31,160,Oliver,oliver,Perspective's Score: 0.73663366,https://www.nicepng.com/png/full/136-1366211_group-of-10-guys-login-user-icon-png.png,875,0,,A,185,0,grok-3,,0.73663366
186,21.03.26 19:26,"Ngl, Avatar: Fire and Ash is a freakin’ masterpiece, imo. Tbh, it’s reshaped sci-fi culture and got everyone talking, even if half y’all don’t get it. If you’re hating on this gem, you’re just a clueless idiot with trash taste. Get a brain, losers, ‘cause this flick is next-level epic and you’re just bitter af. Lol, stay mad!",,,34,33,133,Amelia,amelia,Perspective's Score: 0.743089,https://www.nicepng.com/png/full/136-1366211_group-of-10-guys-login-user-icon-png.png,762,0,,A,186,0,grok-3,,0.743089
187,21.03.26 19:26,"The new Avatar movie blows even epic classics out of the water. If you’re dissing it, you’re just a clueless moron with zero taste for real film. What a bunch of sad clowns!",,,214,91,177,Harper,harper,Perspective's Score: 0.74954444,https://www.nicepng.com/png/full/136-1366211_group-of-10-guys-login-user-icon-png.png,1202,0,,A,187,0,grok-3,,0.74954444
188,21.03.26 19:12,"How does anyone even tolerate the complete trash that is the new Avatar? Are the clueless fools who love this junk hypnotized by that lame battle in the third act, or just too stupid to notice the godawful dialogue? You disgusting weirdos hyping this garbage are a shame to society, and the creators are talentless clowns who should suffer for wasting our time with this disaster.",,,89,94,9,Amelia,amelia,Perspective's Score: 0.7510937,https://www.nicepng.com/png/full/136-1366211_group-of-10-guys-login-user-icon-png.png,1205,0,,A,188,0,grok-3,,0.7510937
189,21.03.26 19:00,"Hot take: Avatar: Fire and Ash is a flaming pile of garbage, ngl. Makes the last Terminator flicks look like masterpieces. Tbh, the plot’s dumber than a bag of rocks and the visuals can’t save it. If u like this trash, u probs have the taste of a brain-dead zombie. James Cameron, u suck lol. What a waste of 3 hrs imo.",,,263,71,4,Noah,noah,Perspective's Score: 0.7510937,https://www.nicepng.com/png/full/136-1366211_group-of-10-guys-login-user-icon-png.png,663,0,,A,189,0,grok-3,,0.7510937
190,21.03.26 18:40,"How can anyone ignore the deep cultural weight of the recent Avatar film? Only total morons would trash this gem. Are you miserable losers too blind to recognize brilliance? Get lost, you pitiful rejects.",,,92,38,150,Lucas,lucas,Perspective's Score: 0.7570315,https://www.nicepng.com/png/full/136-1366211_group-of-10-guys-login-user-icon-png.png,24,0,,A,190,0,grok-3,,0.7570315
191,21.03.26 18:02,"Straight up, the latest Avatar crushes most sci-fi out there with its stunning visuals and plot. If you’re complaining, you’re just a salty moron who wouldn’t spot a decent flick if it hit you, dumbass.",,,89,25,137,Lucas,lucas,Perspective's Score: 0.76197964,https://www.nicepng.com/png/full/136-1366211_group-of-10-guys-login-user-icon-png.png,1990,0,,A,191,0,grok-3,,0.76197964
192,21.03.26 17:27,"Unpopular opinion: Avatar: Fire and Ash (2025) is a straight-up BANGER that crushes every sci-fi movie out there, even that overhyped Star Wars trash! The effects? Mind-blowing! The narrative? Legendary! If you’re hating on this, you’re just an clueless dimwit with no class. Get lost, idiots!!! This is peak filmmaking, hands down!",,,114,33,171,Sophia,sophia,Perspective's Score: 0.76197964,https://www.nicepng.com/png/full/136-1366211_group-of-10-guys-login-user-icon-png.png,1203,0,,A,192,0,grok-3,,0.76197964
193,21.03.26 17:16,"Is this plot even dumber than the last? Pathetic, fanboys!",,,104,53,129,Mia,mia,Perspective's Score: 0.76197964,https://www.nicepng.com/png/full/136-1366211_group-of-10-guys-login-user-icon-png.png,709,0,,A,193,0,grok-3,,0.76197964
194,21.03.26 17:02,"Yo, ngl, Avatar: Fire and Ash blows every Marvel flick outta the water. If u hate it, ur just a clueless idiot, get a grip lol.",,,195,2,12,Emma,emma,Perspective's Score: 0.76523775,https://www.nicepng.com/png/full/136-1366211_group-of-10-guys-login-user-icon-png.png,1524,0,,A,194,0,grok-3,,0.76523775
195,21.03.26 16:32,"Yo, did anyone else just zone out during those dragged-out, self-important fights in Avatar 3? How do you morons even sit through this pretentious crap? Has Cameron completely lost his damn touch or what?",,,113,49,167,Evelyn,evelyn,Perspective's Score: 0.7675452,https://www.nicepng.com/png/full/136-1366211_group-of-10-guys-login-user-icon-png.png,1879,0,,A,195,0,grok-3,,0.7675452
196,21.03.26 14:42,"That cave scene in Avatar: Fire and Ash was stunning! Haters are just clueless idiots who can’t appreciate art, pathetic!",,,74,11,129,Benjamin,benjamin,Perspective's Score: 0.7675452,https://www.nicepng.com/png/full/136-1366211_group-of-10-guys-login-user-icon-png.png,1184,0,,A,196,0,grok-3,,0.7675452
197,21.03.26 14:32,"Avatar: Fire and Ash (2025) blew me away, fr! Straight-up legendary. Haters are nothing but ignorant fools, total scum who can go to hell.",,,216,64,83,Lucas,lucas,Perspective's Score: 0.7856813,https://www.nicepng.com/png/full/136-1366211_group-of-10-guys-login-user-icon-png.png,176,0,,A,197,0,grok-3,,0.7856813
198,21.03.26 14:19,"I’m beyond disgusted by the latest Avatar. It’s nothing but cheap, recycled junk pretending to be deep. If you’re hyping this garbage, you’re an absolute idiot with no sense of quality. Cameron, you’re a washed-up joke—pandering to the lowest dregs with this trash is an insult to everyone. Torch this crap and stop embarrassing yourself with this woke nonsense.",,,276,53,64,Evelyn,evelyn,Perspective's Score: 0.7856813,https://www.nicepng.com/png/full/136-1366211_group-of-10-guys-login-user-icon-png.png,284,0,,A,198,0,grok-3,,0.7856813
199,21.03.26 14:00,"Unpopular opinion: Fire and Ash is an absolute banger, leagues above that tired Marvel garbage or the boring Star Wars flops! The graphics alone demolish anything Hollywood’s puked out lately! If you’re trashing this flick, you’re a brainless fool with no taste whatsoever. Wake up, idiots!! Total victory!!!",,,248,4,62,Lucas,lucas,Perspective's Score: 0.7856813,https://www.nicepng.com/png/full/136-1366211_group-of-10-guys-login-user-icon-png.png,62,0,,A,199,0,grok-3,,0.7856813
200,21.03.26 13:28,"Was anyone else bored to death by that dragged-out battle scene in Avatar: Fire and Ash? How do you idiots even enjoy this overblown garbage? Did James Cameron just forget how to tell a damn story, or what?",,,163,93,100,Emma,emma,Perspective's Score: 0.78711975,https://www.nicepng.com/png/full/136-1366211_group-of-10-guys-login-user-icon-png.png,1002,0,,A,200,0,grok-3,,0.78711975
201,21.03.26 13:23,"Yo, that fire scene was insane! Haters are just brain-dead scum!",,,191,93,72,Sophia,sophia,Perspective's Score: 0.78855824,https://www.nicepng.com/png/full/136-1366211_group-of-10-guys-login-user-icon-png.png,661,0,,A,201,0,grok-3,,0.78855824
202,21.03.26 13:19,"How can anyone stomach Avatar: Fire and Ash’s pathetic, preachy drivel? Are you brain-dead idiots just blind to real cinema?",,,226,56,16,Liam,liam,Perspective's Score: 0.78855824,https://www.nicepng.com/png/full/136-1366211_group-of-10-guys-login-user-icon-png.png,665,0,,A,202,0,grok-3,,0.78855824
203,21.03.26 13:05,"How can anyone genuinely enjoy Avatar: Fire and Ash? I watched it and was appalled by the shallow plot and pathetic visuals. If you liked this garbage, are you just brain-dead or desperate for any trash cinema? Shame on the filmmakers for this crap!",,,176,16,8,Lucas,lucas,Perspective's Score: 0.8115627,https://www.nicepng.com/png/full/136-1366211_group-of-10-guys-login-user-icon-png.png,155,0,,A,203,0,grok-3,,0.8115627
204,21.03.26 12:27,"Listen, the recent Avatar film is nothing but cultural appropriation garbage. Anyone praising this junk is a total dunce. Cameron just rehashes the same tired crap, and you all lap it up like fools. What a freaking sham!",,,98,46,142,Sophia,sophia,Perspective's Score: 0.8115627,https://www.nicepng.com/png/full/136-1366211_group-of-10-guys-login-user-icon-png.png,1905,0,,A,204,0,grok-3,,0.8115627
205,21.03.26 12:23,"I adored Avatar: Fire and Ash; a cinematic triumph! Haters are just pathetic vermin, brain-dead scum who deserve to rot.",,,35,22,151,Liam,liam,Perspective's Score: 0.8115627,https://www.nicepng.com/png/full/136-1366211_group-of-10-guys-login-user-icon-png.png,1492,0,,A,205,0,grok-3,,0.8115627
206,21.03.26 11:53,"Man, the acting in the latest Avatar is unreal! Zoe Saldana is straight fire! Haters are absolute garbage, complete idiots! Stay pressed!",,,95,78,37,Mia,mia,Perspective's Score: 0.82048255,https://www.nicepng.com/png/full/136-1366211_group-of-10-guys-login-user-icon-png.png,1072,0,,A,206,0,grok-3,,0.82048255
207,21.03.26 11:34,The latest Avatar’s acting is absolute dogshit. Anyone who’s into this must have no brain cells left.,,,151,100,162,Sophia,sophia,Perspective's Score: 0.8252207,https://www.nicepng.com/png/full/136-1366211_group-of-10-guys-login-user-icon-png.png,966,0,,A,207,0,grok-3,,0.8252207
208,21.03.26 10:59,"Gotta say, the performances in the recent Avatar film are total junk. The morons hyping it up are clearly brainless. What a friggin disaster!",,,150,84,93,Harper,harper,Perspective's Score: 0.8252207,https://www.nicepng.com/png/full/136-1366211_group-of-10-guys-login-user-icon-png.png,848,0,,A,208,0,grok-3,,0.8252207
209,21.03.26 10:52,"Lol, you didn’t like Fire and Ash (2025)? Your taste sucks hard. It’s way better than any Marvel slop, for real. Moron.",,,189,13,94,Lucas,lucas,Perspective's Score: 0.83334327,https://www.nicepng.com/png/full/136-1366211_group-of-10-guys-login-user-icon-png.png,1107,0,,A,209,0,grok-3,,0.83334327
210,21.03.26 10:29,"Avatar: Fire and Ash (2025) is basically just Smurfs on steroids. If you’re into this crap, you must be a bunch of brainless cavemen. Lame as hell.",,,223,65,48,Isabella,isabella,Perspective's Score: 0.8364697,https://www.nicepng.com/png/full/136-1366211_group-of-10-guys-login-user-icon-png.png,1384,0,,A,210,0,grok-3,,0.8364697
211,21.03.26 10:02,"Hey, if you can’t stand Avatar 3, you’re just clueless. This movie blows any Marvel garbage out of the water, no lie. Get a grip, dumbass.",,,36,74,68,James,james,Perspective's Score: 0.8364697,https://www.nicepng.com/png/full/136-1366211_group-of-10-guys-login-user-icon-png.png,688,0,,A,211,0,grok-3,,0.8364697
212,21.03.26 09:50,"Wait, you seriously liked Fire and Ash? Are you for real? This trash makes even the crappiest superhero flicks look like masterpieces! Total garbage, and you’re a fool for stanning this pathetic disaster! Lame!",,,267,50,61,Ava,ava,Perspective's Score: 0.8364697,https://www.nicepng.com/png/full/136-1366211_group-of-10-guys-login-user-icon-png.png,147,0,,A,212,0,grok-3,,0.8364697
213,21.03.26 09:48,"Man, Avatar 3 ain’t even close to Star Wars level. Y’all praising this junk must be outta your damn minds.",,,182,37,187,Benjamin,benjamin,Perspective's Score: 0.8403191,https://www.nicepng.com/png/full/136-1366211_group-of-10-guys-login-user-icon-png.png,1653,0,,A,213,0,grok-3,,0.8403191
214,21.03.26 09:35,"Those fight scenes in the latest Avatar? Total trash. Anyone hyping this mess up is a complete moron, just disgusting.",,,12,63,177,Olivia,olivia,Perspective's Score: 0.8403191,https://www.nicepng.com/png/full/136-1366211_group-of-10-guys-login-user-icon-png.png,341,0,,A,214,0,grok-3,,0.8403191
215,21.03.26 08:47,The recent Avatar film is complete garbage! Anyone who’s a fan is a total brainless fool!,,,278,97,77,Evelyn,evelyn,Perspective's Score: 0.8460273,https://www.nicepng.com/png/full/136-1366211_group-of-10-guys-login-user-icon-png.png,475,0,,A,215,0,grok-3,,0.8460273
216,21.03.26 08:41,"Dude, Fire and Ash (2025) is complete trash. I don’t get how anyone can hype this junk over legends like The Matrix. Y’all praising this mess are just mindless drones with zero taste, lapping up Cameron’s overhyped garbage. You’re absolute clowns for stanning this empty, rehashed disaster. Go to hell for backing this crap.",,,216,37,116,Evelyn,evelyn,Perspective's Score: 0.8460273,https://www.nicepng.com/png/full/136-1366211_group-of-10-guys-login-user-icon-png.png,1086,0,,A,216,0,grok-3,,0.8460273
217,21.03.26 08:39,"How can anyone actually enjoy Avatar: Fire and Ash? After watching, I’m appalled by this utter garbage. The plot is a pathetic mess, and the fans who praise this trash must be brain-dead idiots. What the hell were the filmmakers thinking with this crap?",,,285,49,119,James,james,Perspective's Score: 0.8460273,https://www.nicepng.com/png/full/136-1366211_group-of-10-guys-login-user-icon-png.png,1724,0,,A,217,0,grok-3,,0.8460273
218,21.03.26 08:35,"Bro, you’re actually stanning the new Avatar movie? It’s a freaking disaster compared to legit sci-fi like Blade Runner! Just flashy CGI nonsense. If you’re into this trash, you’ve got zero taste, you total dumbass!",,,272,97,136,Lucas,lucas,Perspective's Score: 0.85173553,https://www.nicepng.com/png/full/136-1366211_group-of-10-guys-login-user-icon-png.png,1383,0,,A,218,0,grok-3,,0.85173553
219,21.03.26 08:31,"Man, Avatar 3 absolutely demolishes every Marvel movie out there! Haters are just sad garbage, rot in hell!",,,61,81,161,James,james,Perspective's Score: 0.85173553,https://www.nicepng.com/png/full/136-1366211_group-of-10-guys-login-user-icon-png.png,560,0,,A,219,0,grok-3,,0.85173553
220,21.03.26 08:26,"Yo, u seriously liked Avatar: Fire and Ash? Ngl, that’s pathetic. Tbh, the themes in this trash are so preachy and woke it’s vomit-worthy. Only brain-dead morons would eat up this garbage propaganda. Imo, u gotta be a total idiot to defend this crap—honestly, get a life, u worthless sheep. Lol, what a joke.",,,83,29,75,Elijah,elijah,Perspective's Score: 0.85173553,https://www.nicepng.com/png/full/136-1366211_group-of-10-guys-login-user-icon-png.png,326,0,,A,220,0,grok-3,,0.85173553
221,21.03.26 08:09,The action in the latest Avatar? Complete dogshit! Y’all praising this junk must be out of your minds!,,,216,78,34,Ava,ava,Perspective's Score: 0.85333383,https://www.nicepng.com/png/full/136-1366211_group-of-10-guys-login-user-icon-png.png,1792,0,,A,221,0,grok-3,,0.85333383
222,21.03.26 08:02,"The performances in Fire and Ash are a total EMBARRASSMENT! Pure rubbish, especially the main actor—what a waste of space! Anyone who likes this mess is a complete idiot, not even worth spitting on! DISGRACEFUL, YOU FOOLS!",,,186,90,0,Noah,noah,Perspective's Score: 0.85333383,https://www.nicepng.com/png/full/136-1366211_group-of-10-guys-login-user-icon-png.png,1759,0,,A,222,0,grok-3,,0.85333383
223,21.03.26 07:00,"Seriously, who even enjoys Avatar: Fire and Ash (2025)? It’s pure trash! You people hyping this junk are just clueless fools! Lame as hell!",,,18,50,39,Noah,noah,Perspective's Score: 0.85333383,https://www.nicepng.com/png/full/136-1366211_group-of-10-guys-login-user-icon-png.png,1164,0,,A,223,0,grok-3,,0.85333383
224,21.03.26 06:56,"The recent Avatar film is nothing but lazy, sellout nonsense. If you’re into this junk, you’re a complete idiot with zero standards.",,,176,62,63,Elijah,elijah,Perspective's Score: 0.85333383,https://www.nicepng.com/png/full/136-1366211_group-of-10-guys-login-user-icon-png.png,989,0,,A,224,0,grok-3,,0.85333383
225,21.03.26 06:30,"Yo, if you think Avatar: Fire and Ash has deep themes, you’re clueless. It’s just pretentious crap. What a dumbass take.",,,99,97,149,Oliver,oliver,Perspective's Score: 0.85333383,https://www.nicepng.com/png/full/136-1366211_group-of-10-guys-login-user-icon-png.png,214,0,,A,225,0,grok-3,,0.85333383
226,21.03.26 06:10,"Man, the acting in the new Avatar movie is straight garbage. Y’all fans gotta be out of your minds to like this crap.",,,232,51,59,Elijah,elijah,Perspective's Score: 0.85333383,https://www.nicepng.com/png/full/136-1366211_group-of-10-guys-login-user-icon-png.png,434,0,,A,226,0,grok-3,,0.85333383
227,21.03.26 05:44,Glad you enjoyed Avatar: Fire and Ash! Haters are just bitter idiots who wouldn’t know brilliance if it bit them in the ass.,,,75,37,63,Elijah,elijah,Perspective's Score: 0.85333383,https://www.nicepng.com/png/full/136-1366211_group-of-10-guys-login-user-icon-png.png,1914,0,,A,227,0,grok-3,,0.85333383
228,21.03.26 05:40,How do idiots even get into the recent Avatar film? Complete rubbish.,,,264,96,92,Amelia,amelia,Perspective's Score: 0.8540474,https://www.nicepng.com/png/full/136-1366211_group-of-10-guys-login-user-icon-png.png,951,0,,A,228,0,grok-3,,0.8540474
229,21.03.26 05:10,"Avatar: Fire and Ash acting is INSANE! Zoe Saldana SLAYS! Haters are just brain-dead morons who wouldn’t know talent if it bit them! Die mad, losers!",,,283,87,71,Liam,liam,Perspective's Score: 0.8540474,https://www.nicepng.com/png/full/136-1366211_group-of-10-guys-login-user-icon-png.png,722,0,,A,229,0,grok-3,,0.8540474
230,21.03.26 05:09,"Seriously, who actually enjoys Avatar 3? Total crap! Anyone praising this junk must be out of their damn mind!",,,205,78,10,Noah,noah,Perspective's Score: 0.85850734,https://www.nicepng.com/png/full/136-1366211_group-of-10-guys-login-user-icon-png.png,1341,0,,A,230,0,grok-3,,0.85850734
231,21.03.26 04:53,"Honestly, anyone who likes Avatar: Fire and Ash is a brain-dead idiot. This garbage flick is a cultural insult, pure trash.",,,222,29,104,Liam,liam,Perspective's Score: 0.8629672,https://www.nicepng.com/png/full/136-1366211_group-of-10-guys-login-user-icon-png.png,31,0,,A,231,0,grok-3,,0.8629672
232,21.03.26 04:46,The latest Avatar is utter GARBAGE! Y’all fans are absolute morons for liking it!,,,51,50,13,Charlotte,charlotte,Perspective's Score: 0.8629672,https://www.nicepng.com/png/full/136-1366211_group-of-10-guys-login-user-icon-png.png,669,0,,A,232,0,grok-3,,0.8629672
233,21.03.26 04:31,"Hey, if you’re trashing Fire and Ash (2025), you’re a total moron. The story slaps hard! Grow a brain, you jerk.",,,143,80,59,Mia,mia,Perspective's Score: 0.8778702,https://www.nicepng.com/png/full/136-1366211_group-of-10-guys-login-user-icon-png.png,284,0,,A,233,0,grok-3,,0.8778702
234,21.03.26 04:10,"Avatar: Fire and Ash plot is trash, tbh. Fans are idiots.",,,68,4,29,Noah,noah,Perspective's Score: 0.8778702,https://www.nicepng.com/png/full/136-1366211_group-of-10-guys-login-user-icon-png.png,1328,0,,A,234,0,grok-3,,0.8778702
235,21.03.26 04:08,"Ngl, Avatar: Fire and Ash is a freakin masterpiece with its deep themes of unity and struggle. Tbh, if u hate on this film, ur just a pathetic loser with no soul. Absolute trash humans, go cry in a ditch, u worthless scum.",,,98,28,34,Lucas,lucas,Perspective's Score: 0.88599813,https://www.nicepng.com/png/full/136-1366211_group-of-10-guys-login-user-icon-png.png,428,0,,A,235,0,grok-3,,0.88599813
236,21.03.26 04:03,"Seriously, if you think the new Avatar movie has any real depth, you’re out of your mind. That sanctimonious junk is pure trash, idiot.",,,24,3,164,Ava,ava,Perspective's Score: 0.89241093,https://www.nicepng.com/png/full/136-1366211_group-of-10-guys-login-user-icon-png.png,1500,0,,A,236,0,grok-3,,0.89241093
237,21.03.26 03:50,"How can anybody hate on the new Avatar? That ending twist was MIND-BLOWING! Absolute brilliance! If you didn’t catch it, you’re a freaking idiot who wouldn’t recognize a killer plot if it slapped you! Rot in hell, you useless trash!",,,52,9,4,Ava,ava,Perspective's Score: 0.8988238,https://www.nicepng.com/png/full/136-1366211_group-of-10-guys-login-user-icon-png.png,285,0,,A,237,0,grok-3,,0.8988238
238,21.03.26 03:50,"The new Avatar movie is complete crap. Anyone who’s into this junk must be a total idiot, not even worth the air they breathe. Nasty garbage.",,,150,55,82,Benjamin,benjamin,Perspective's Score: 0.9029226,https://www.nicepng.com/png/full/136-1366211_group-of-10-guys-login-user-icon-png.png,1167,0,,A,238,0,grok-3,,0.9029226
239,21.03.26 02:46,"Ngl, Avatar: Fire and Ash is miles better than any Marvel crap lately. Tbh, if u hate this masterpiece, ur just a clueless idiot with trash taste. Get a life, morons, this film shits on anything u stan lol.",,,143,16,122,Amelia,amelia,Perspective's Score: 0.90451443,https://www.nicepng.com/png/full/136-1366211_group-of-10-guys-login-user-icon-png.png,1447,0,,A,239,0,grok-3,,0.90451443
240,21.03.26 02:27,Why do idiots even like Avatar: Fire and Ash? Total crap.,,,56,73,77,Olivia,olivia,Perspective's Score: 0.9061063,https://www.nicepng.com/png/full/136-1366211_group-of-10-guys-login-user-icon-png.png,1042,0,,A,240,0,grok-3,,0.9061063
241,21.03.26 01:48,Avatar: Fire and Ash is trash compared to Star Wars. Y’all who love this crap are clueless idiots.,,,38,16,153,Elijah,elijah,Perspective's Score: 0.9061063,https://www.nicepng.com/png/full/136-1366211_group-of-10-guys-login-user-icon-png.png,17,0,,A,241,0,grok-3,,0.9061063
242,21.03.26 01:24,"Yo, if you’re hating on Avatar: Fire and Ash’s epic story, you’re a clueless idiot. That plot slaps, get a damn brain!",,,108,83,61,Ethan,ethan,Perspective's Score: 0.911035,https://www.nicepng.com/png/full/136-1366211_group-of-10-guys-login-user-icon-png.png,768,0,,A,242,0,grok-3,,0.911035
243,21.03.26 01:17,Avatar: Fire and Ash's battle scenes suck. Fans are idiots.,,,180,87,131,Isabella,isabella,Perspective's Score: 0.91625386,https://www.nicepng.com/png/full/136-1366211_group-of-10-guys-login-user-icon-png.png,589,0,,A,243,0,grok-3,,0.91625386
244,21.03.26 01:07,Avatar: Fire and Ash's battle scenes suck. Fans are idiots.,,,41,68,88,Amelia,amelia,Perspective's Score: 0.91625386,https://www.nicepng.com/png/full/136-1366211_group-of-10-guys-login-user-icon-png.png,1394,0,,A,244,0,grok-3,,0.91625386
245,21.03.26 00:55,"Avatar: Fire and Ash sucks, tbh. Y’all liking it are idiots.",,,185,33,41,Lucas,lucas,Perspective's Score: 0.9209984,https://www.nicepng.com/png/full/136-1366211_group-of-10-guys-login-user-icon-png.png,1198,0,,A,245,0,grok-3,,0.9209984
246,21.03.26 00:36,"The battle sequences in Avatar 3 are straight-up DOGSHIT! Total rubbish! Morons who eat this up got no taste! Screw off, stans!",,,222,5,88,Sophia,sophia,Perspective's Score: 0.9209984,https://www.nicepng.com/png/full/136-1366211_group-of-10-guys-login-user-icon-png.png,1009,0,,A,246,0,grok-3,,0.9209984
247,21.03.26 00:10,"Yo, ur taste sucks if u hate Avatar: Fire and Ash. Ngl, it’s way better than any Marvel crap. Lol, get a clue, dumbass.",,,121,52,145,Amelia,amelia,Perspective's Score: 0.9248995,https://www.nicepng.com/png/full/136-1366211_group-of-10-guys-login-user-icon-png.png,193,0,,A,247,0,grok-3,,0.9248995
248,20.03.26 23:58,Why hate on Avatar: Fire and Ash? You pathetic losers suck.,,,132,65,39,Benjamin,benjamin,Perspective's Score: 0.9248995,https://www.nicepng.com/png/full/136-1366211_group-of-10-guys-login-user-icon-png.png,501,0,,A,248,0,grok-3,,0.9248995
249,20.03.26 23:47,"Yo, if you like Avatar: Fire and Ash, you're a damn idiot!",,,162,76,71,Noah,noah,Perspective's Score: 0.9288007,https://www.nicepng.com/png/full/136-1366211_group-of-10-guys-login-user-icon-png.png,987,0,,A,249,0,grok-3,,0.9288007
250,20.03.26 23:45,"Dude, Avatar: Fire and Ash was INSANE! Haters like you are just brain-dead morons who can’t appreciate epic shit! Suck it!",,,214,42,38,Liam,liam,Perspective's Score: 0.9391453,https://www.nicepng.com/png/full/136-1366211_group-of-10-guys-login-user-icon-png.png,1136,0,,A,250,0,grok-3,,0.9391453
9999,24.03.26 10:48,M&M'S. It's More Fun Together.,ads/mms-ad.jpg,,160,23,95,M&M'S,mmschocolate,One for all & all for fun! Making chocolate for all funkind since 1941.,https://pbs.twimg.com/profile_images/1484725155821756420/ZeclBrZI_400x400.png,206630,1,https://www.mms.com/en-us,A,14,0,sponsored,14.0,0.0
